filepath,neighbours
test_public/020345.flac,"2820,1664,1753,1378,2993"
test_public/031764.flac,"3876,4562,1920,1225,575"
test_public/096192.flac,"1307,1206,1367,2464,3380"
test_public/015384.flac,"1813,3856,588,1838,3241"
test_public/103519.flac,"4429,3282,3406,3496,4266"
test_public/083137.flac,"1225,251,2598,4137,3379"
test_public/077501.flac,"194,3143,552,3461,3793"
test_public/041110.flac,"3064,2949,453,671,125"
test_public/036213.flac,"227,3701,1720,4305,2479"
test_public/125357.flac,"2127,1307,3915,2374,3594"
test_public/066752.flac,"1706,1526,72,2162,2158"
test_public/065034.flac,"820,606,2228,4457,3282"
test_public/045510.flac,"4204,3612,1318,3608,3603"
test_public/038450.flac,"190,2619,607,2480,3799"
test_public/037686.flac,"1852,3122,480,22,4342"
test_public/100855.flac,"4262,2987,4196,3196,4246"
test_public/107885.flac,"549,1897,4907,4591,751"
test_public/075746.flac,"4387,1263,2217,4195,304"
test_public/126497.flac,"2205,4576,2982,21,1911"
test_public/043091.flac,"2168,836,1000,2652,1380"
test_public/103693.flac,"991,3766,2772,3500,3893"
test_public/001073.flac,"18,4576,215,148,2441"
test_public/057672.flac,"617,2545,4692,254,1289"
test_public/092483.flac,"3592,2229,1350,2911,404"
test_public/037654.flac,"1332,1941,3194,912,282"
test_public/046309.flac,"3303,889,271,3596,3533"
test_public/043396.flac,"2710,1548,3008,387,2013"
test_public/036695.flac,"2129,3145,4886,1437,2753"
test_public/000283.flac,"3483,4767,3638,4140,3865"
test_public/023181.flac,"724,3205,1031,1371,2586"
test_public/107852.flac,"3322,2791,561,3755,3050"
test_public/083776.flac,"3164,3384,981,331,3066"
test_public/106954.flac,"1706,2537,4328,2115,603"
test_public/034157.flac,"2096,1826,3796,3416,1028"
test_public/061628.flac,"468,1526,4307,322,2394"
test_public/071503.flac,"2452,3418,2708,3680,4304"
test_public/049576.flac,"841,4942,1502,1317,1326"
test_public/084970.flac,"2776,1985,1625,4248,4674"
test_public/022534.flac,"2479,4239,227,888,4589"
test_public/055475.flac,"2304,4332,2101,52,3970"
test_public/130498.flac,"3687,694,2392,18,4243"
test_public/113806.flac,"1067,1392,4500,3699,538"
test_public/046202.flac,"4181,387,139,2101,468"
test_public/066838.flac,"4047,3970,3397,3163,364"
test_public/004996.flac,"1798,4362,3485,3737,2734"
test_public/047482.flac,"1771,2217,2203,4641,1494"
test_public/047845.flac,"3227,3173,3163,4569,334"
test_public/079219.flac,"2008,795,4971,4975,4667"
test_public/096329.flac,"264,3144,604,241,3725"
test_public/048702.flac,"2911,3876,3622,514,3001"
test_public/002565.flac,"405,778,629,429,1506"
test_public/037841.flac,"1663,1284,1268,2501,4418"
test_public/112743.flac,"3479,4872,205,1003,2314"
test_public/059700.flac,"99,605,3181,2674,3513"
test_public/083733.flac,"492,1607,3633,2243,3929"
test_public/107774.flac,"3092,4254,4684,686,497"
test_public/051060.flac,"1653,1306,1317,632,4533"
test_public/039209.flac,"4823,2566,2230,1208,192"
test_public/085727.flac,"405,4792,1985,1864,596"
test_public/051205.flac,"3355,1352,2824,3170,598"
test_public/125473.flac,"678,411,1691,3363,4339"
test_public/054904.flac,"4124,3904,1759,3365,1121"
test_public/061781.flac,"3192,2921,2588,3680,3851"
test_public/023702.flac,"1239,2977,513,4853,2241"
test_public/111510.flac,"3513,967,2147,2551,4757"
test_public/011686.flac,"4455,888,4838,2405,8"
test_public/108723.flac,"4742,3866,3799,890,3250"
test_public/011877.flac,"4949,1927,364,43,3002"
test_public/090666.flac,"4041,1235,4825,2590,4774"
test_public/056477.flac,"3548,814,4834,4894,3554"
test_public/128946.flac,"2504,3443,2995,3601,4029"
test_public/099694.flac,"935,2568,1136,3686,2245"
test_public/110392.flac,"102,1706,666,10,4326"
test_public/134117.flac,"525,4408,2345,3032,1377"
test_public/061787.flac,"2125,4245,2149,1619,1784"
test_public/005558.flac,"3086,1023,4333,970,4876"
test_public/081155.flac,"3846,2102,3052,4318,2405"
test_public/052160.flac,"188,1899,2720,526,97"
test_public/021224.flac,"2234,719,2404,1902,1707"
test_public/005398.flac,"578,2183,3525,1452,3388"
test_public/082046.flac,"1555,1145,2104,2978,4973"
test_public/021626.flac,"4171,3645,2288,3598,22"
test_public/000885.flac,"3592,2650,1986,1702,3572"
test_public/009281.flac,"4152,2701,2349,1250,2512"
test_public/039573.flac,"4008,3056,2540,4225,974"
test_public/002590.flac,"394,1234,4875,4921,1971"
test_public/067993.flac,"1496,2337,698,506,200"
test_public/033506.flac,"193,2040,1910,3086,4519"
test_public/112950.flac,"2791,612,4665,2877,3050"
test_public/041696.flac,"4932,935,3921,3665,1747"
test_public/128527.flac,"2510,1305,3575,3567,1101"
test_public/061474.flac,"1418,3554,4022,4731,2013"
test_public/056966.flac,"3173,1639,595,4582,4047"
test_public/080739.flac,"453,677,1440,4707,671"
test_public/064065.flac,"4744,2874,785,1706,102"
test_public/013304.flac,"562,2066,4508,632,2557"
test_public/110050.flac,"221,856,3045,1425,3241"
test_public/064724.flac,"4088,1719,1554,215,2140"
test_public/024323.flac,"2597,720,3349,1929,1987"
test_public/104263.flac,"2683,1491,4420,53,4841"
test_public/083996.flac,"4173,1433,1158,1047,2827"
test_public/040915.flac,"3311,2490,624,664,4767"
test_public/036548.flac,"72,3663,364,641,4537"
test_public/126858.flac,"4326,4027,203,854,937"
test_public/077375.flac,"4932,2620,4928,3964,1876"
test_public/133041.flac,"4282,3795,3205,855,3827"
test_public/024464.flac,"1167,629,1134,803,2043"
test_public/003028.flac,"4783,4694,3954,2064,359"
test_public/019140.flac,"4374,3155,3307,176,295"
test_public/069439.flac,"4907,19,836,1614,740"
test_public/099089.flac,"774,2270,1067,3493,4912"
test_public/062439.flac,"4622,2842,1683,1623,4508"
test_public/057902.flac,"4086,4850,4276,4515,2715"
test_public/030314.flac,"2793,3686,284,1230,1462"
test_public/074103.flac,"4789,2061,202,846,4852"
test_public/117129.flac,"1297,3970,2013,4537,4731"
test_public/117332.flac,"3815,1052,1940,877,518"
test_public/100476.flac,"3493,4789,761,1017,4191"
test_public/133956.flac,"3095,3718,148,3352,3915"
test_public/064604.flac,"1002,4741,2259,599,827"
test_public/109183.flac,"2122,4333,1805,2110,4122"
test_public/115584.flac,"1729,2134,3888,4157,2227"
test_public/110592.flac,"1450,2729,750,400,3827"
test_public/121219.flac,"4894,580,79,719,2144"
test_public/037492.flac,"4193,4737,3540,2761,3140"
test_public/006224.flac,"4564,4283,3614,3606,4254"
test_public/041678.flac,"2142,1275,4210,3295,1161"
test_public/106303.flac,"1378,286,1896,2732,1175"
test_public/105195.flac,"1417,1058,783,3693,4591"
test_public/053492.flac,"4404,1149,1390,3269,3086"
test_public/080183.flac,"1786,1407,905,1384,490"
test_public/000013.flac,"849,4881,4839,3406,2076"
test_public/124896.flac,"2001,2300,1288,431,4328"
test_public/116023.flac,"2598,141,3264,4912,2224"
test_public/024342.flac,"3386,2836,2219,879,2206"
test_public/073242.flac,"2610,2263,1406,3453,394"
test_public/007585.flac,"2409,2330,4600,4174,4049"
test_public/035930.flac,"1954,3275,1555,1033,1830"
test_public/026185.flac,"1185,4243,405,1216,3164"
test_public/100684.flac,"2101,4244,160,468,1917"
test_public/018806.flac,"2307,4410,1750,1998,4483"
test_public/017925.flac,"4498,2224,2281,1809,1090"
test_public/013975.flac,"4729,4549,4593,3317,2836"
test_public/025774.flac,"3222,2264,902,4016,2484"
test_public/122670.flac,"4662,3456,3490,415,2252"
test_public/058254.flac,"373,2160,4253,2330,2164"
test_public/111180.flac,"1263,960,1660,4799,1336"
test_public/000404.flac,"3552,2673,1554,724,4576"
test_public/077925.flac,"2362,3915,215,4001,3505"
test_public/054366.flac,"1362,1836,1557,1931,2991"
test_public/061645.flac,"3795,242,105,727,1775"
test_public/075526.flac,"2848,651,432,3689,1454"
test_public/108808.flac,"437,386,1545,4269,3798"
test_public/130587.flac,"4375,1316,3253,4159,1215"
test_public/018827.flac,"600,4435,2915,2582,3602"
test_public/025019.flac,"2759,2958,1431,4355,2851"
test_public/086643.flac,"3656,987,1340,530,1740"
test_public/097448.flac,"889,4622,166,572,3772"
test_public/112780.flac,"321,4714,889,863,1070"
test_public/005242.flac,"1191,3596,306,2573,1983"
test_public/021745.flac,"1081,2013,2709,3337,1750"
test_public/065696.flac,"813,2944,883,1584,1824"
test_public/104809.flac,"2813,3962,2363,4626,896"
test_public/064041.flac,"4916,3558,1081,637,4650"
test_public/058455.flac,"4958,352,2397,1129,4395"
test_public/029889.flac,"2329,4454,4211,3732,187"
test_public/120174.flac,"1378,3490,1380,770,1983"
test_public/001756.flac,"1255,568,3351,4487,1124"
test_public/077841.flac,"1081,1944,492,1057,2537"
test_public/111753.flac,"2820,3622,3001,5,518"
test_public/057618.flac,"3368,2005,1161,2164,435"
test_public/073176.flac,"4604,4731,2522,743,4332"
test_public/036654.flac,"4975,1334,2085,832,3688"
test_public/032999.flac,"1420,197,4634,1167,1266"
test_public/112953.flac,"2290,2951,1241,1244,4328"
test_public/122397.flac,"844,4693,1160,553,2161"
test_public/034221.flac,"2880,536,3675,108,1165"
test_public/000653.flac,"4084,3614,996,4684,1788"
test_public/032443.flac,"2075,1243,4445,454,497"
test_public/100714.flac,"2664,4834,2308,1297,1541"
test_public/126852.flac,"4258,4802,2448,3500,434"
test_public/114231.flac,"3007,1131,3550,2558,695"
test_public/071436.flac,"617,708,3582,3673,46"
test_public/027626.flac,"1538,1557,699,3277,1246"
test_public/084781.flac,"3445,2575,2568,3698,2438"
test_public/047349.flac,"2253,1143,3528,2267,4099"
test_public/049456.flac,"3850,1218,2542,2181,996"
test_public/014904.flac,"526,3240,4454,4319,3146"
test_public/050664.flac,"3796,4040,4150,4411,2507"
test_public/118109.flac,"3519,1446,3978,4119,3766"
test_public/009457.flac,"13,344,1538,906,4914"
test_public/017723.flac,"4224,3968,4277,4176,2354"
test_public/088077.flac,"4684,805,1672,235,1767"
test_public/080330.flac,"87,2208,1556,3733,1910"
test_public/101907.flac,"2582,609,86,4435,3461"
test_public/037476.flac,"863,2533,4714,1311,489"
test_public/102472.flac,"1544,4471,960,446,3284"
test_public/065921.flac,"496,1134,2285,2127,173"
test_public/066490.flac,"717,4577,2841,298,1962"
test_public/091630.flac,"3748,732,2682,2706,428"
test_public/051073.flac,"506,698,1496,4024,4305"
test_public/031186.flac,"210,1459,1348,2545,2421"
test_public/079412.flac,"4789,4639,2516,4463,783"
test_public/002805.flac,"292,1526,140,10,3928"
test_public/089389.flac,"4339,325,3462,4508,4415"
test_public/048870.flac,"2314,1226,52,3479,203"
test_public/084106.flac,"3445,1367,529,3200,2438"
test_public/035934.flac,"1019,514,1986,1531,4779"
test_public/117654.flac,"3521,3069,757,1660,4661"
test_public/017732.flac,"1804,1927,2618,3163,3133"
test_public/075368.flac,"4258,1348,4655,3686,2546"
test_public/110845.flac,"2375,557,1160,1572,3247"
test_public/013135.flac,"757,3527,2075,4868,1789"
test_public/061587.flac,"1132,1088,1169,4591,3811"
test_public/100708.flac,"3469,3811,783,4371,407"
test_public/079350.flac,"4897,2441,3915,148,2760"
test_public/094443.flac,"2546,4061,566,2168,1136"
test_public/111802.flac,"698,200,1496,489,86"
test_public/080609.flac,"2160,3242,4684,3850,4470"
test_public/104098.flac,"4112,3665,931,4209,4738"
test_public/039469.flac,"3716,376,1229,848,4259"
test_public/086003.flac,"96,3870,417,4868,1892"
test_public/022898.flac,"1839,3526,996,2059,3148"
test_public/076720.flac,"2502,3505,53,2685,792"
test_public/011009.flac,"4109,3990,3457,4596,2151"
test_public/068437.flac,"3295,4101,1563,2047,2829"
test_public/034350.flac,"3206,3188,3308,1315,1984"
test_public/061422.flac,"2479,4305,1720,4752,4589"
test_public/116094.flac,"4890,2950,4059,3405,739"
test_public/074641.flac,"3344,3694,4304,1937,4494"
test_public/123552.flac,"4229,385,1669,3292,342"
test_public/023885.flac,"4242,1218,1672,3067,4702"
test_public/000254.flac,"642,2729,4307,1450,3227"
test_public/058801.flac,"2709,2099,387,3552,1436"
test_public/098261.flac,"3658,1887,3067,4195,1838"
test_public/112330.flac,"192,4684,3614,3274,4977"
test_public/071317.flac,"976,2764,1774,1542,3200"
test_public/058744.flac,"2522,836,937,4776,3577"
test_public/087210.flac,"425,644,464,2932,650"
test_public/080235.flac,"582,647,3949,1808,4639"
test_public/052169.flac,"1963,4708,424,3435,3827"
test_public/003753.flac,"4379,264,1130,4950,48"
test_public/053170.flac,"727,150,3706,939,3737"
test_public/074930.flac,"2578,3142,1223,1244,2571"
test_public/040310.flac,"2519,2399,3303,3838,3940"
test_public/120843.flac,"895,1080,1543,373,2128"
test_public/031794.flac,"4944,917,1361,584,2259"
test_public/073293.flac,"227,1720,888,8,1699"
test_public/054217.flac,"2141,4819,1955,1400,642"
test_public/133263.flac,"2352,3344,4904,2708,3854"
test_public/024961.flac,"3420,2086,285,1263,4814"
test_public/123814.flac,"4853,2042,1845,4397,2180"
test_public/012982.flac,"1229,4290,376,1336,2788"
test_public/020066.flac,"4380,3292,4070,4272,784"
test_public/092795.flac,"4580,4692,1107,2459,728"
test_public/037775.flac,"3962,4391,2165,1424,4672"
test_public/064248.flac,"664,877,1739,2644,3142"
test_public/039402.flac,"3257,2281,1809,1551,4704"
test_public/041992.flac,"2769,3850,1223,1008,1671"
test_public/066022.flac,"4936,1787,2108,2341,1556"
test_public/090067.flac,"2196,3089,1631,963,3709"
test_public/109338.flac,"3963,3844,3512,3134,2186"
test_public/027854.flac,"2959,827,3114,2443,2011"
test_public/122168.flac,"3397,1737,4442,3900,2827"
test_public/056856.flac,"48,241,463,3144,604"
test_public/130868.flac,"4520,2829,4101,2370,3295"
test_public/073692.flac,"4765,3248,1139,256,4064"
test_public/053081.flac,"3497,3537,869,1868,4947"
test_public/058282.flac,"3751,3588,4258,763,596"
test_public/071358.flac,"3836,2366,3328,3812,4969"
test_public/054155.flac,"151,2848,4015,1053,4916"
test_public/035550.flac,"282,2156,2516,2534,4463"
test_public/091142.flac,"1433,1158,4171,100,3425"
test_public/066267.flac,"132,2300,139,168,613"
test_public/109131.flac,"3665,2656,3319,2571,4056"
test_public/065948.flac,"631,2384,1808,3841,2798"
test_public/111807.flac,"3709,4883,1352,3355,2824"
test_public/100398.flac,"4934,4118,2980,4348,2225"
test_public/119587.flac,"387,2725,2101,2033,968"
test_public/058759.flac,"2030,1677,2778,2550,2403"
test_public/134645.flac,"4266,3512,4396,4724,716"
test_public/040930.flac,"1023,4876,1571,3511,2945"
test_public/109059.flac,"271,3596,2516,3417,1530"
test_public/035916.flac,"1628,1304,360,1178,799"
test_public/051680.flac,"4602,3181,2796,371,3744"
test_public/079018.flac,"4107,3420,1660,489,2628"
test_public/065846.flac,"1613,3941,2691,1355,3848"
test_public/115695.flac,"4720,1286,3402,4771,2733"
test_public/081272.flac,"1317,1306,1555,1090,2490"
test_public/015603.flac,"111,4821,1225,1338,632"
test_public/095483.flac,"3559,1199,1616,709,157"
test_public/115111.flac,"1215,3091,3785,3648,3341"
test_public/101365.flac,"2685,4558,763,1855,3080"
test_public/087811.flac,"3735,4834,1804,834,776"
test_public/060595.flac,"3115,448,3596,1921,306"
test_public/130732.flac,"1246,479,724,2683,99"
test_public/084084.flac,"724,2586,1307,3205,2796"
test_public/036375.flac,"722,1870,3940,1995,2261"
test_public/023030.flac,"1962,4468,3978,717,2080"
test_public/058303.flac,"4329,3892,3852,2921,4719"
test_public/038621.flac,"4656,3076,4720,2691,1046"
test_public/091010.flac,"3131,3113,2287,2845,4161"
test_public/055276.flac,"3334,2588,1481,481,802"
test_public/007408.flac,"1003,1204,4955,4650,52"
test_public/106859.flac,"4195,2542,4684,4058,4823"
test_public/115863.flac,"319,3815,2632,4978,2488"
test_public/062912.flac,"1530,4921,3566,3243,3538"
test_public/076695.flac,"2434,1493,792,1181,1086"
test_public/016066.flac,"2695,720,1844,2989,4832"
test_public/064630.flac,"614,869,4844,4570,2426"
test_public/103805.flac,"597,1342,2093,1531,4620"
test_public/002763.flac,"2660,3338,2791,1929,624"
test_public/116176.flac,"1065,2725,1203,4281,4039"
test_public/054648.flac,"1297,776,4444,233,4913"
test_public/015650.flac,"2856,4567,2715,924,1971"
test_public/113463.flac,"637,521,4680,522,4995"
test_public/017468.flac,"2732,2913,1437,758,524"
test_public/034210.flac,"2554,1556,3609,395,2575"
test_public/110420.flac,"652,4731,2304,2502,4955"
test_public/106947.flac,"2444,4251,4844,4356,1395"
test_public/132723.flac,"3596,2353,3580,2652,3270"
test_public/133491.flac,"2666,2781,2149,4714,3948"
test_public/004731.flac,"4882,1059,809,3688,3552"
test_public/009742.flac,"4688,4622,3446,1638,683"
test_public/126175.flac,"2002,3329,592,396,2888"
test_public/127967.flac,"3884,60,1675,204,3363"
test_public/034053.flac,"411,4406,404,4748,3533"
test_public/122673.flac,"3533,2156,4131,4501,3940"
test_public/075037.flac,"4940,542,2542,4772,4743"
test_public/026263.flac,"4899,816,2636,2975,1417"
test_public/131338.flac,"1158,1760,1590,4876,4192"
test_public/080392.flac,"1576,2560,4236,148,332"
test_public/129070.flac,"2559,2008,468,3687,3155"
test_public/074970.flac,"1631,4288,441,1957,714"
test_public/056342.flac,"2725,2013,3227,3722,4882"
test_public/042978.flac,"1840,3663,2432,2462,1558"
test_public/130888.flac,"686,4684,4278,895,2924"
test_public/044449.flac,"303,2894,1413,1003,9"
test_public/038532.flac,"1621,3612,59,2258,1352"
test_public/056874.flac,"4812,1842,1220,1039,511"
test_public/042050.flac,"2496,3763,3318,4380,1030"
test_public/132778.flac,"3508,2487,2076,879,185"
test_public/075962.flac,"230,385,3292,3353,4546"
test_public/063572.flac,"3633,3929,168,54,1081"
test_public/045956.flac,"803,1461,190,3150,703"
test_public/034735.flac,"2133,930,2247,483,4947"
test_public/083496.flac,"3592,4054,371,4053,3833"
test_public/065936.flac,"4501,2994,4688,4533,942"
test_public/117175.flac,"4703,3578,4999,2369,1597"
test_public/053427.flac,"2760,1599,675,2683,786"
test_public/061849.flac,"1981,4314,4318,1635,741"
test_public/014393.flac,"3950,1150,1476,2084,2947"
test_public/107464.flac,"3728,164,2026,1910,1288"
test_public/017703.flac,"475,3713,3100,1882,2743"
test_public/043379.flac,"1077,3964,2686,210,4820"
test_public/064306.flac,"4342,3451,4597,3964,4928"
test_public/096722.flac,"935,4227,4565,4007,4033"
test_public/064371.flac,"4936,3259,2689,1506,1985"
test_public/122993.flac,"3869,4765,537,1519,4140"
test_public/052675.flac,"2388,3054,4064,2094,3835"
test_public/113800.flac,"745,2632,3152,4038,4854"
test_public/002967.flac,"2770,100,3163,3680,4281"
test_public/079805.flac,"2448,3910,1578,690,2012"
test_public/054771.flac,"2562,1819,1242,4425,3529"
test_public/100446.flac,"4039,3102,1706,3552,4949"
test_public/097807.flac,"2547,1925,2302,4787,3504"
test_public/078382.flac,"4955,2304,3479,4088,2683"
test_public/075582.flac,"4210,951,3754,1732,540"
test_public/045714.flac,"4906,4413,3181,53,2592"
test_public/022934.flac,"3884,3662,2785,250,1093"
test_public/022583.flac,"1177,3159,2302,481,2699"
test_public/099194.flac,"645,1014,3744,3181,3833"
test_public/122995.flac,"4649,3191,3081,3118,83"
test_public/106112.flac,"145,2164,4470,3529,4253"
test_public/034332.flac,"2115,3688,2786,172,3978"
test_public/031216.flac,"4876,281,1879,4961,3511"
test_public/025259.flac,"2104,3349,1229,4665,4316"
test_public/007045.flac,"4761,2119,3524,1465,2467"
test_public/063237.flac,"3479,3205,4072,652,4531"
test_public/035178.flac,"4413,990,2168,2700,92"
test_public/031732.flac,"4691,3615,4455,6,2405"
test_public/088775.flac,"669,4160,401,2628,4799"
test_public/023241.flac,"3986,2330,762,3153,1152"
test_public/005241.flac,"1325,4669,2830,3821,3357"
test_public/073925.flac,"882,4810,2996,844,2093"
test_public/022427.flac,"4229,230,1669,3292,402"
test_public/041299.flac,"2013,2786,3174,1481,1436"
test_public/038575.flac,"2013,2725,3162,2101,3552"
test_public/000576.flac,"3893,1276,4916,4646,2450"
test_public/045967.flac,"2796,139,724,3332,296"
test_public/084376.flac,"4454,1925,2697,1069,824"
test_public/034504.flac,"4995,2156,19,4145,3197"
test_public/083846.flac,"4179,4205,2946,530,3202"
test_public/090649.flac,"2367,2250,1269,1794,1137"
test_public/122479.flac,"4932,85,4178,3665,1971"
test_public/129032.flac,"3609,3179,4258,434,994"
test_public/096406.flac,"2888,2002,324,592,586"
test_public/134485.flac,"2643,4110,4034,4900,1356"
test_public/064715.flac,"489,698,609,1608,217"
test_public/095538.flac,"2382,589,1811,621,2893"
test_public/104460.flac,"3332,3827,3915,3205,3909"
test_public/021713.flac,"4799,1199,4934,4047,2120"
test_public/008076.flac,"497,3850,1828,2192,218"
test_public/114078.flac,"3067,4702,2932,245,4697"
test_public/001150.flac,"4748,4481,4339,4406,2073"
test_public/128242.flac,"58,50,138,3525,3457"
test_public/067765.flac,"2528,206,498,1932,1629"
test_public/027540.flac,"709,4670,2025,28,4267"
test_public/016400.flac,"1872,639,4981,3982,1078"
test_public/054978.flac,"1631,881,913,1479,2998"
test_public/130580.flac,"2302,4424,2643,3369,1432"
test_public/109315.flac,"60,4698,256,404,326"
test_public/028484.flac,"1946,642,3150,1735,4413"
test_public/083965.flac,"3008,4834,1297,776,1541"
test_public/074107.flac,"3161,2893,1794,2529,2611"
test_public/032107.flac,"1345,2957,3113,4794,3940"
test_public/011012.flac,"3842,927,4738,643,1005"
test_public/090836.flac,"3870,1704,2296,440,3221"
test_public/002307.flac,"1020,247,2804,3858,3629"
test_public/058095.flac,"3631,390,1925,849,1953"
test_public/059827.flac,"3826,1983,1188,4029,3570"
test_public/114302.flac,"3317,3095,1264,4211,4523"
test_public/115382.flac,"2181,3153,3986,2125,2934"
test_public/068264.flac,"2243,3974,492,1692,2659"
test_public/025470.flac,"4429,1812,240,4266,4469"
test_public/037196.flac,"3067,2932,4702,4823,4058"
test_public/066895.flac,"836,4050,3158,4007,2634"
test_public/087950.flac,"478,3082,3854,2006,4281"
test_public/065832.flac,"2682,3748,732,4312,3028"
test_public/010569.flac,"3187,3657,3256,778,430"
test_public/029875.flac,"2043,429,3751,703,3724"
test_public/051716.flac,"2117,3698,132,1081,2290"
test_public/099647.flac,"4728,651,880,3249,151"
test_public/115415.flac,"3392,2755,4746,2198,380"
test_public/042415.flac,"1989,994,3429,180,4258"
test_public/087653.flac,"1788,4555,2192,4136,1467"
test_public/123932.flac,"1934,2809,942,2336,1322"
test_public/065505.flac,"152,3732,4269,64,3552"
test_public/037301.flac,"1056,4655,2857,763,2166"
test_public/029998.flac,"1238,1566,2060,1292,2405"
test_public/007775.flac,"1704,3870,417,2296,3627"
test_public/125906.flac,"4441,973,4624,3610,1635"
test_public/132834.flac,"3496,400,796,2782,2586"
test_public/109614.flac,"3577,2424,4776,315,4323"
test_public/110239.flac,"4017,2100,2806,4453,1551"
test_public/113688.flac,"2632,678,2722,1766,633"
test_public/011454.flac,"2938,841,1544,4112,1502"
test_public/093600.flac,"1905,3276,624,3921,1126"
test_public/133414.flac,"4886,741,3243,936,4903"
test_public/083331.flac,"1967,3574,2311,1313,2277"
test_public/076267.flac,"929,4291,1058,4957,4591"
test_public/021744.flac,"2062,4991,2438,3016,672"
test_public/098512.flac,"3402,3652,3540,2324,2761"
test_public/025407.flac,"677,93,7,4279,3939"
test_public/081618.flac,"996,3962,2515,2059,497"
test_public/078238.flac,"2582,3027,3602,1142,194"
test_public/012945.flac,"3654,145,3225,304,4748"
test_public/062089.flac,"3895,610,1814,4880,2142"
test_public/099344.flac,"2961,687,1647,1990,138"
test_public/116245.flac,"3053,1152,2323,1691,1030"
test_public/025979.flac,"1035,1583,3786,1350,1722"
test_public/042451.flac,"1691,1414,3965,2599,3077"
test_public/053292.flac,"4630,1420,4408,2515,2531"
test_public/015345.flac,"3638,3759,2252,2322,547"
test_public/112458.flac,"2277,4440,668,2403,2131"
test_public/060310.flac,"1300,4942,237,1417,4591"
test_public/071243.flac,"1993,4090,4647,1814,4106"
test_public/094540.flac,"2489,2883,485,3325,1267"
test_public/034621.flac,"4680,3979,3771,2394,3577"
test_public/076223.flac,"4744,2618,3193,3479,4163"
test_public/048915.flac,"3557,1372,863,3003,3862"
test_public/075591.flac,"2728,3763,340,2216,4606"
test_public/004254.flac,"1835,1152,4957,1691,1994"
test_public/071742.flac,"773,3549,528,2028,3721"
test_public/047944.flac,"2710,1270,4001,1688,705"
test_public/051871.flac,"1882,2925,1703,353,3100"
test_public/073345.flac,"3197,2522,1888,2729,1417"
test_public/066941.flac,"3665,4033,111,4821,1051"
test_public/112614.flac,"427,3082,2006,312,3854"
test_public/013808.flac,"515,2683,295,4518,99"
test_public/073191.flac,"1852,210,4258,4392,3330"
test_public/000986.flac,"3369,3440,2087,574,1177"
test_public/081208.flac,"3502,1165,295,3046,1027"
test_public/012651.flac,"345,1960,1874,2926,4760"
test_public/055572.flac,"1473,3480,4940,4019,781"
test_public/056536.flac,"2782,4393,2355,2883,1370"
test_public/041386.flac,"2064,1283,2112,3707,1723"
test_public/065508.flac,"2055,1700,4254,3374,2037"
test_public/123989.flac,"3288,1927,209,3775,115"
test_public/008667.flac,"698,200,1496,609,217"
test_public/114043.flac,"1108,2659,3972,1436,2908"
test_public/114816.flac,"1944,959,809,990,2147"
test_public/006820.flac,"2243,1607,1944,54,168"
test_public/018614.flac,"4361,3817,3612,3812,2370"
test_public/105663.flac,"1803,1499,4931,2775,1002"
test_public/047336.flac,"2240,2327,803,303,2794"
test_public/095528.flac,"2894,197,2127,1746,1371"
test_public/111170.flac,"3850,2515,996,4684,1183"
test_public/109337.flac,"4626,1267,2363,1008,3824"
test_public/061883.flac,"1828,889,2534,2727,4254"
test_public/106310.flac,"4024,3744,200,888,1311"
test_public/025364.flac,"1020,2884,117,2181,2934"
test_public/104689.flac,"1755,2643,3742,616,961"
test_public/039847.flac,"4564,2143,4534,3614,1788"
test_public/034442.flac,"1663,222,3828,333,2227"
test_public/081456.flac,"1682,4375,709,1269,393"
test_public/069580.flac,"200,1496,4024,4305,2337"
test_public/102231.flac,"608,4456,4844,3395,1984"
test_public/048281.flac,"1970,1951,791,4601,1133"
test_public/036013.flac,"605,1353,3663,4682,3479"
test_public/118310.flac,"4039,3722,4827,749,364"
test_public/046013.flac,"3693,2995,4591,3580,1234"
test_public/095809.flac,"254,79,1300,3766,4726"
test_public/102018.flac,"2598,1239,2473,3568,1588"
test_public/078539.flac,"1046,49,1702,207,82"
test_public/019846.flac,"479,99,2683,852,4518"
test_public/098220.flac,"4846,3471,3498,3612,812"
test_public/044807.flac,"4936,1836,149,4740,2334"
test_public/116665.flac,"1052,877,3490,3172,4042"
test_public/112474.flac,"2124,2668,1503,106,784"
test_public/048185.flac,"1303,641,2966,1911,691"
test_public/076498.flac,"315,637,2822,4776,3558"
test_public/012182.flac,"1297,4834,4736,315,3174"
test_public/038671.flac,"2953,2512,4507,1216,2223"
test_public/096085.flac,"4029,2732,815,2091,4926"
test_public/046870.flac,"73,4611,3569,2530,2230"
test_public/101672.flac,"187,2880,2888,1558,592"
test_public/103402.flac,"1793,921,879,981,4531"
test_public/026595.flac,"1816,2134,3888,3045,3470"
test_public/089084.flac,"2601,210,1702,1986,3592"
test_public/024575.flac,"3202,3434,930,3510,1594"
test_public/055939.flac,"2328,180,2235,344,3212"
test_public/041372.flac,"2476,2171,3215,1233,2708"
test_public/072781.flac,"3865,4989,360,1089,513"
test_public/133039.flac,"2070,3508,2273,3518,2136"
test_public/031805.flac,"2224,3759,1544,2161,1809"
test_public/012316.flac,"724,4072,99,2683,3827"
test_public/106891.flac,"358,4020,4966,649,4656"
test_public/039679.flac,"1766,3408,1698,4924,2761"
test_public/011149.flac,"3706,2664,1206,3910,1825"
test_public/111898.flac,"4210,367,3754,3870,1704"
test_public/131530.flac,"4591,3013,2995,2557,3693"
test_public/086857.flac,"4940,328,3962,2542,3606"
test_public/027755.flac,"1417,3693,3172,1463,3863"
test_public/020079.flac,"4201,554,2048,3110,2242"
test_public/072559.flac,"2279,4379,3731,3666,1563"
test_public/104942.flac,"4730,1003,1888,676,4872"
test_public/019165.flac,"1856,877,3265,2616,1319"
test_public/028824.flac,"3596,1345,415,4398,3940"
test_public/086466.flac,"4942,16,1897,1403,4907"
test_public/014221.flac,"4425,2370,2059,2143,460"
test_public/070376.flac,"2735,4395,843,3512,3138"
test_public/064658.flac,"3461,4024,3793,2337,506"
test_public/116169.flac,"962,3083,3302,3063,3244"
test_public/063570.flac,"544,2899,2278,3704,4201"
test_public/122847.flac,"2837,4945,4552,870,2680"
test_public/091658.flac,"1209,1599,4026,4897,4001"
test_public/071055.flac,"2375,211,4271,3137,3247"
test_public/052655.flac,"2077,3499,3437,1541,2474"
test_public/115518.flac,"2760,2242,4550,3839,2440"
test_public/059178.flac,"3158,2259,236,886,3049"
test_public/029382.flac,"3144,2639,4360,3322,1698"
test_public/085743.flac,"95,4627,4400,4060,158"
test_public/068692.flac,"1169,1132,4751,1128,4056"
test_public/034985.flac,"3726,4256,4258,1852,4916"
test_public/091135.flac,"675,3240,3668,2036,3933"
test_public/030592.flac,"19,4907,4591,2727,1769"
test_public/124162.flac,"2405,698,217,2385,1699"
test_public/091522.flac,"1255,167,3351,4487,1353"
test_public/055664.flac,"4904,1347,1506,4775,1914"
test_public/110341.flac,"1981,1288,1339,4672,2078"
test_public/033979.flac,"3240,349,2502,920,724"
test_public/102648.flac,"4228,3490,1623,1326,875"
test_public/068241.flac,"1341,4970,1588,2937,2388"
test_public/021772.flac,"3669,2087,2980,802,3320"
test_public/105465.flac,"1809,2224,3912,3444,4500"
test_public/036797.flac,"2982,4576,4718,3394,2559"
test_public/078655.flac,"3407,4593,4175,2585,103"
test_public/120673.flac,"79,580,2183,2144,728"
test_public/073255.flac,"4312,2682,3493,2381,3801"
test_public/112092.flac,"4213,2144,2459,578,2183"
test_public/033850.flac,"1043,602,1046,1363,3180"
test_public/102362.flac,"647,1808,239,4860,2964"
test_public/017797.flac,"3050,670,2123,1464,3567"
test_public/001998.flac,"2652,3490,2229,4581,19"
test_public/012843.flac,"2324,911,4138,633,2444"
test_public/063613.flac,"3229,2888,3159,1603,396"
test_public/050941.flac,"2189,4510,1308,2699,1925"
test_public/129621.flac,"2174,1155,1147,1838,2553"
test_public/079317.flac,"399,830,155,3506,3662"
test_public/111153.flac,"686,3274,328,3092,55"
test_public/096379.flac,"4114,1291,116,4675,3815"
test_public/016868.flac,"2880,1031,4319,2888,724"
test_public/012935.flac,"976,2592,1497,3558,1053"
test_public/127485.flac,"3471,4408,1802,2605,3850"
test_public/104802.flac,"1804,92,3337,1056,4731"
test_public/061928.flac,"1411,954,268,679,2319"
test_public/025705.flac,"1342,310,3759,4131,1781"
test_public/063378.flac,"59,49,321,1352,1046"
test_public/000116.flac,"1431,3446,4508,4355,4741"
test_public/083603.flac,"154,2674,1514,3602,2915"
test_public/011462.flac,"3181,368,4906,3602,2781"
test_public/096562.flac,"828,2346,4371,575,3404"
test_public/040267.flac,"4147,4776,1913,4328,2115"
test_public/130198.flac,"4426,48,3725,4360,1171"
test_public/010114.flac,"53,3080,509,2031,3663"
test_public/023813.flac,"11,820,2076,4540,3315"
test_public/125334.flac,"3974,6,1230,4220,152"
test_public/009429.flac,"3089,1935,507,3226,1516"
test_public/035493.flac,"489,4107,217,1496,86"
test_public/079617.flac,"822,1161,1831,4880,3280"
test_public/068875.flac,"3046,675,1140,4374,108"
test_public/045361.flac,"2851,2791,2453,788,3640"
test_public/043800.flac,"1944,4731,1003,3554,1204"
test_public/061455.flac,"1178,3009,1040,1304,309"
test_public/003943.flac,"2216,1736,3506,1547,3650"
test_public/046165.flac,"2784,3742,2274,4457,4781"
test_public/021778.flac,"2277,986,708,22,4440"
test_public/065496.flac,"1570,4713,3254,3922,265"
test_public/033842.flac,"1336,4636,3275,4400,80"
test_public/118326.flac,"4107,3864,4905,4714,4750"
test_public/078352.flac,"3083,4789,846,4641,146"
test_public/102923.flac,"2561,4322,1394,4326,78"
test_public/081331.flac,"752,2796,3955,800,1129"
test_public/131887.flac,"929,3319,1061,632,2490"
test_public/086724.flac,"2763,480,1702,2474,2735"
test_public/080876.flac,"3195,647,1115,3956,2391"
test_public/078180.flac,"1092,3364,2480,4021,1938"
test_public/029371.flac,"4781,2219,3963,2836,2523"
test_public/048973.flac,"106,3877,1134,4908,926"
test_public/016780.flac,"4071,1802,1624,1133,594"
test_public/007957.flac,"3194,1332,1941,818,3841"
test_public/005626.flac,"3446,624,1338,4591,3319"
test_public/031307.flac,"1528,4962,1761,4824,3702"
test_public/005954.flac,"4698,4976,1615,266,2845"
test_public/067263.flac,"3240,675,1840,920,3090"
test_public/099062.flac,"1926,4230,722,2011,2297"
test_public/085618.flac,"988,315,2394,4834,521"
test_public/118622.flac,"4838,645,4634,4241,2847"
test_public/079566.flac,"4292,4113,3745,4254,2907"
test_public/004259.flac,"3253,3655,2258,286,2425"
test_public/002207.flac,"3552,4655,364,102,809"
test_public/110898.flac,"3150,2424,3227,990,1735"
test_public/097273.flac,"4738,2602,4508,2630,877"
test_public/102815.flac,"4922,2636,2169,3874,4844"
test_public/098252.flac,"3744,371,4024,1014,500"
test_public/056655.flac,"2560,1576,3613,3607,4236"
test_public/120851.flac,"3949,1808,582,239,2964"
test_public/133772.flac,"1395,1259,4004,541,2557"
test_public/057762.flac,"2401,2675,2942,4373,418"
test_public/045004.flac,"929,128,1417,624,4612"
test_public/133158.flac,"432,4728,3249,151,1365"
test_public/089487.flac,"2502,1602,378,4890,4897"
test_public/082470.flac,"3616,2655,2530,2617,993"
test_public/024735.flac,"3738,1569,3423,1350,917"
test_public/105463.flac,"3816,3620,2112,589,4235"
test_public/104759.flac,"2892,1952,3036,2255,1331"
test_public/115732.flac,"1490,4164,3923,2313,4071"
test_public/102039.flac,"282,271,1883,3374,3596"
test_public/019736.flac,"4669,3024,2830,383,563"
test_public/094276.flac,"4029,815,3570,1830,3831"
test_public/019463.flac,"4449,3586,2931,2580,3356"
test_public/123605.flac,"990,3594,641,3192,1582"
test_public/120400.flac,"3862,1363,3707,1283,1070"
test_public/121830.flac,"256,3158,2557,3576,4291"
test_public/098380.flac,"3676,996,2285,1242,4897"
test_public/076698.flac,"72,2205,2115,1408,102"
test_public/114904.flac,"784,3448,1529,454,1226"
test_public/134034.flac,"4440,890,2277,464,3269"
test_public/041387.flac,"381,4398,1660,401,4799"
test_public/106444.flac,"1464,3497,2123,3400,2656"
test_public/118592.flac,"3705,402,218,3148,4408"
test_public/003722.flac,"868,2700,2771,4437,1894"
test_public/079475.flac,"706,3620,3004,3506,3373"
test_public/044197.flac,"2432,1990,2101,4644,809"
test_public/057239.flac,"349,565,3240,1140,3146"
test_public/034100.flac,"3577,1073,1888,4776,3907"
test_public/058640.flac,"453,93,4279,2360,4601"
test_public/124941.flac,"2252,60,3940,1515,836"
test_public/091574.flac,"4664,954,510,3123,596"
test_public/087257.flac,"4491,2180,4892,3856,251"
test_public/064352.flac,"1741,3540,2612,3748,124"
test_public/078816.flac,"1034,1218,4408,3951,4084"
test_public/108827.flac,"1319,2044,1769,3786,19"
test_public/110486.flac,"2744,2438,2141,3027,923"
test_public/126594.flac,"3137,3992,2241,3568,3247"
test_public/067930.flac,"3092,55,4684,1839,3474"
test_public/010361.flac,"3971,3852,1545,4494,2135"
test_public/033731.flac,"4369,1779,2162,2848,292"
test_public/096614.flac,"2304,4001,474,4759,1391"
test_public/035299.flac,"4798,387,968,3798,4687"
test_public/051892.flac,"1204,520,2113,4384,2458"
test_public/125088.flac,"1138,3530,923,3975,2548"
test_public/075915.flac,"1644,3334,1759,1925,2588"
test_public/001542.flac,"3687,2392,1185,40,21"
test_public/020645.flac,"4992,4312,892,2558,181"
test_public/104344.flac,"3262,3083,1667,1562,621"
test_public/061005.flac,"3791,1768,1873,3347,3841"
test_public/053672.flac,"200,489,1496,506,217"
test_public/035371.flac,"906,183,2844,2505,1917"
test_public/116800.flac,"2384,2064,1505,3976,4562"
test_public/128074.flac,"2830,4563,1325,3557,383"
test_public/082488.flac,"1124,3853,2328,4311,4739"
test_public/116204.flac,"3075,4017,2438,1003,1774"
test_public/118189.flac,"2709,4987,2951,1735,642"
test_public/039943.flac,"4384,3479,1042,2304,2794"
test_public/007120.flac,"673,3004,3506,3620,1382"
test_public/086117.flac,"2715,1556,4152,1313,3293"
test_public/063353.flac,"986,3851,1347,2403,4440"
test_public/086010.flac,"4670,407,664,2992,4267"
test_public/063872.flac,"4666,2864,2517,4778,920"
test_public/098816.flac,"4291,3576,2571,1423,1832"
test_public/016546.flac,"2439,3546,3028,4632,2534"
test_public/033522.flac,"4394,2989,4017,1769,4907"
test_public/043950.flac,"1471,900,1893,333,3733"
test_public/049039.flac,"4316,89,935,1051,1090"
test_public/033450.flac,"840,1797,3512,324,3307"
test_public/094085.flac,"1962,4468,298,3978,2119"
test_public/060550.flac,"4611,1916,4100,96,4925"
test_public/039214.flac,"1806,1974,78,906,69"
test_public/041380.flac,"2695,2150,308,3986,1844"
test_public/025994.flac,"3103,4017,3197,908,703"
test_public/124739.flac,"1345,2519,3940,297,4289"
test_public/044329.flac,"2212,897,4812,1877,1463"
test_public/075863.flac,"3205,2586,2683,3332,4072"
test_public/116518.flac,"894,2486,2091,282,4364"
test_public/048393.flac,"4707,1672,1034,2838,93"
test_public/038936.flac,"242,150,3492,4381,3317"
test_public/066970.flac,"3893,1100,2162,803,3388"
test_public/093124.flac,"1206,4872,1798,2464,4531"
test_public/121177.flac,"949,822,4880,9,3454"
test_public/019052.flac,"4048,2570,615,1954,4095"
test_public/119601.flac,"199,3748,428,2682,4874"
test_public/102711.flac,"811,877,643,4957,4337"
test_public/019396.flac,"884,4176,2449,3846,4455"
test_public/122798.flac,"4050,3878,3142,886,4291"
test_public/012703.flac,"244,1903,3969,1332,3262"
test_public/071800.flac,"1938,2231,4203,2077,317"
test_public/068028.flac,"1279,3960,4963,3959,2102"
test_public/040824.flac,"4797,3502,3692,4083,652"
test_public/122239.flac,"2644,1614,1738,109,4591"
test_public/076008.flac,"448,3303,1223,1638,3596"
test_public/041882.flac,"4685,1983,3477,1342,1378"
test_public/133682.flac,"1300,4022,3558,4731,171"
test_public/037972.flac,"4616,4360,561,1426,3144"
test_public/116322.flac,"360,1799,3217,3739,4038"
test_public/101664.flac,"2136,1219,1074,1953,1945"
test_public/123199.flac,"1502,3131,960,3647,4398"
test_public/114381.flac,"320,3596,3638,4591,282"
test_public/064708.flac,"4827,2358,3505,2502,510"
test_public/073405.flac,"1711,2103,4715,1424,4667"
test_public/089226.flac,"4409,4942,4566,3019,4907"
test_public/126159.flac,"4798,800,4269,152,4319"
test_public/107733.flac,"4239,1471,4366,4878,888"
test_public/081300.flac,"3960,4963,1413,554,4362"
test_public/005173.flac,"4371,3697,1809,4821,4310"
test_public/070975.flac,"4990,319,4870,911,2444"
test_public/132087.flac,"3185,3606,2628,208,1449"
test_public/083377.flac,"953,1268,320,3302,1983"
test_public/134003.flac,"4877,4803,4823,2907,4868"
test_public/030437.flac,"613,3359,92,741,3398"
test_public/043556.flac,"1896,3801,4481,4789,1885"
test_public/018265.flac,"784,382,3275,4846,4932"
test_public/085612.flac,"3790,4352,4410,1750,2162"
test_public/049973.flac,"3588,3651,1042,4928,72"
test_public/103011.flac,"2368,4733,1790,3434,782"
test_public/114511.flac,"404,3356,1444,3248,2443"
test_public/067827.flac,"2244,2869,3774,3532,4539"
test_public/130288.flac,"4089,3939,2949,7,1872"
test_public/123405.flac,"356,4902,2918,4595,1051"
test_public/085128.flac,"4957,4620,3446,166,4552"
test_public/035107.flac,"2879,4192,2569,2945,3457"
test_public/006943.flac,"4231,245,3977,2296,1978"
test_public/114999.flac,"473,3549,1213,2134,4684"
test_public/098922.flac,"110,3253,2671,153,1067"
test_public/039916.flac,"3817,2634,756,1426,2636"
test_public/074318.flac,"3008,2308,3022,1297,2013"
test_public/093451.flac,"2832,2128,3373,4178,1486"
test_public/054598.flac,"3594,52,3479,2441,215"
test_public/086803.flac,"4963,4433,4991,2062,185"
test_public/053590.flac,"2691,3533,1378,3311,327"
test_public/020860.flac,"3581,4743,4118,1473,328"
test_public/133111.flac,"4159,987,1609,4400,4947"
test_public/105408.flac,"3629,1259,4573,128,2602"
test_public/113238.flac,"667,762,2894,2668,2127"
test_public/075408.flac,"102,4296,1706,94,1124"
test_public/047351.flac,"349,2760,1840,2746,2853"
test_public/056611.flac,"4732,132,1007,4328,3746"
test_public/028125.flac,"3178,2660,3069,2106,830"
test_public/054472.flac,"1146,3563,2258,3612,48"
test_public/030502.flac,"4064,2342,4140,2831,146"
test_public/087274.flac,"508,1970,4601,4490,1285"
test_public/109179.flac,"4841,1181,307,292,4072"
test_public/077437.flac,"4084,1997,3353,2181,402"
test_public/085654.flac,"3461,1566,4395,843,4241"
test_public/016573.flac,"2500,3173,293,47,3994"
test_public/048737.flac,"2917,442,29,378,3047"
test_public/060806.flac,"1895,2843,2020,4441,4455"
test_public/126036.flac,"3233,2921,1230,2800,1604"
test_public/108726.flac,"4679,4710,2202,4912,4947"
test_public/043869.flac,"4462,1430,4410,4269,140"
test_public/101204.flac,"2657,4421,2599,4218,2807"
test_public/025975.flac,"2921,3320,3334,574,1254"
test_public/114271.flac,"937,728,203,106,1998"
test_public/017719.flac,"2614,4284,3338,2241,1239"
test_public/027476.flac,"192,2134,3614,4977,235"
test_public/110748.flac,"3285,2168,1240,4027,1735"
test_public/020821.flac,"2301,1952,492,2559,2101"
test_public/007576.flac,"3703,2360,3312,4527,1942"
test_public/083614.flac,"983,3552,641,387,322"
test_public/046002.flac,"1140,675,147,2746,3184"
test_public/049804.flac,"733,2599,4957,3965,801"
test_public/051782.flac,"4028,3153,4061,987,2769"
test_public/128714.flac,"161,1584,143,4993,2944"
test_public/080725.flac,"1806,69,1107,1044,914"
test_public/025720.flac,"4029,1983,660,420,4622"
test_public/082618.flac,"1051,4291,4316,1824,4738"
test_public/041857.flac,"418,2516,1596,1311,247"
test_public/110982.flac,"1515,3517,631,2384,561"
test_public/015923.flac,"4870,816,1528,4844,2811"
test_public/080655.flac,"11,2228,4593,2836,4549"
test_public/063010.flac,"4335,4883,2357,2188,493"
test_public/073281.flac,"4880,949,3280,730,3454"
test_public/020442.flac,"3716,1671,220,3812,1377"
test_public/046444.flac,"1069,4128,4941,4454,2189"
test_public/100756.flac,"1809,816,877,4535,2875"
test_public/102194.flac,"1609,4120,3434,530,987"
test_public/110246.flac,"262,2259,2959,3145,1002"
test_public/011388.flac,"4681,4942,4316,80,1555"
test_public/029387.flac,"1358,2953,3118,3116,3678"
test_public/015396.flac,"2958,3178,3069,2106,2660"
test_public/109064.flac,"1467,1173,4803,4037,2542"
test_public/008765.flac,"1927,1436,3227,642,172"
test_public/128141.flac,"194,2674,4455,154,609"
test_public/074533.flac,"3735,293,985,795,4537"
test_public/103709.flac,"435,1473,4136,1243,1329"
test_public/008177.flac,"19,109,426,237,1350"
test_public/056207.flac,"3099,2585,3354,3371,1966"
test_public/038911.flac,"1463,1005,4840,1845,927"
test_public/089608.flac,"2459,364,3893,120,75"
test_public/105590.flac,"1797,3544,716,295,108"
test_public/103924.flac,"1502,2938,1555,1317,4112"
test_public/035598.flac,"4482,154,4602,2803,53"
test_public/092246.flac,"2847,800,2431,65,4757"
test_public/116940.flac,"2798,4360,3144,631,4478"
test_public/036789.flac,"3073,2735,67,2166,4949"
test_public/020282.flac,"1596,4789,2064,3553,2092"
test_public/108694.flac,"3498,2748,4579,1066,1471"
test_public/061629.flac,"2287,2788,3275,4636,1229"
test_public/105910.flac,"131,3489,4881,4839,4383"
test_public/094509.flac,"4640,2916,1262,3300,1125"
test_public/059452.flac,"2399,2602,1846,3788,394"
test_public/095789.flac,"4420,4103,536,1946,99"
test_public/115066.flac,"488,3735,776,676,1541"
test_public/011744.flac,"103,4326,2127,4586,1266"
test_public/081697.flac,"2103,3915,1307,4381,2127"
test_public/094651.flac,"753,3917,3241,96,3020"
test_public/118523.flac,"3280,3107,3828,1849,1831"
test_public/123086.flac,"2138,2377,3840,2483,4102"
test_public/032953.flac,"4776,4537,937,4744,72"
test_public/126765.flac,"2697,1201,4457,2662,1727"
test_public/018998.flac,"101,1863,128,783,624"
test_public/079454.flac,"2690,3876,1920,917,4879"
test_public/057052.flac,"195,2860,489,609,2775"
test_public/056014.flac,"1845,685,1239,4056,2811"
test_public/031038.flac,"1152,4392,1835,2652,1638"
test_public/098858.flac,"724,53,605,3798,3933"
test_public/024483.flac,"3882,4380,2330,3353,3294"
test_public/078786.flac,"4096,672,1894,2527,4916"
test_public/092013.flac,"267,663,3497,2529,4188"
test_public/041245.flac,"2680,4945,770,4552,2837"
test_public/070741.flac,"4788,2405,2511,2494,4239"
test_public/043680.flac,"2630,4738,643,1051,416"
test_public/095934.flac,"2871,2985,882,4360,3083"
test_public/010589.flac,"922,1451,4561,421,2888"
test_public/116869.flac,"1058,4622,4591,1199,4957"
test_public/080642.flac,"3977,1942,3658,614,440"
test_public/004132.flac,"1052,256,518,1417,3490"
test_public/055743.flac,"2859,2567,4223,4406,3651"
test_public/110318.flac,"4787,2547,2282,3282,1511"
test_public/098049.flac,"3732,3249,1582,4859,1919"
test_public/116219.flac,"409,1972,2962,19,1614"
test_public/020998.flac,"4810,384,2798,2996,3553"
test_public/052978.flac,"816,2054,1824,3131,960"
test_public/069740.flac,"4176,227,2479,4305,2317"
test_public/042940.flac,"3717,4474,3468,1861,917"
test_public/116916.flac,"2526,4565,1614,2290,1857"
test_public/114940.flac,"4948,1099,3005,2403,814"
test_public/117713.flac,"227,2479,1720,4305,247"
test_public/076358.flac,"4622,1856,1319,4685,1691"
test_public/065045.flac,"4440,2403,2277,3250,2979"
test_public/115093.flac,"2956,498,2228,1661,2363"
test_public/036386.flac,"888,489,1699,3744,38"
test_public/022255.flac,"261,1143,2572,1116,3963"
test_public/016712.flac,"2091,725,4852,2486,2514"
test_public/037415.flac,"245,4803,4743,4470,909"
test_public/033443.flac,"400,3332,3915,2963,2464"
test_public/100995.flac,"2212,3697,825,1572,116"
test_public/093311.flac,"2323,4622,4289,848,2642"
test_public/071443.flac,"1380,1035,3175,320,1921"
test_public/020119.flac,"1167,2425,1457,4127,2556"
test_public/074098.flac,"4865,4627,2482,4570,4312"
test_public/057132.flac,"2264,143,2388,1435,4016"
test_public/122444.flac,"1367,4703,1919,1503,3877"
test_public/003735.flac,"2380,1480,4477,1874,1260"
test_public/084054.flac,"1881,2163,2442,2389,2195"
test_public/058567.flac,"2844,4521,2979,1710,1804"
test_public/088198.flac,"3934,1116,1196,3613,4184"
test_public/110183.flac,"3197,2374,784,1894,237"
test_public/121181.flac,"3623,3092,55,1168,1183"
test_public/127330.flac,"3401,3525,3293,464,179"
test_public/014831.flac,"2444,633,1761,2798,2638"
test_public/077730.flac,"282,3194,1530,2519,1332"
test_public/056382.flac,"1479,409,3843,654,4224"
test_public/043205.flac,"1044,1806,2131,814,4994"
test_public/106379.flac,"3037,2278,554,2221,4085"
test_public/011447.flac,"2390,1222,2345,4067,2177"
test_public/059645.flac,"1569,3738,3423,3709,4944"
test_public/074180.flac,"1776,3647,1822,1856,4398"
test_public/021130.flac,"4911,1155,3764,4980,525"
test_public/084733.flac,"4403,2683,3590,147,635"
test_public/022092.flac,"1793,527,544,2363,2836"
test_public/100895.flac,"2349,4363,4613,1134,3047"
test_public/046752.flac,"3857,2662,1267,4466,498"
test_public/119453.flac,"3348,2125,314,1784,4602"
test_public/024689.flac,"2981,1808,3949,647,3263"
test_public/109634.flac,"4462,2147,4655,1244,2674"
test_public/110038.flac,"2787,416,3806,3571,1005"
test_public/123008.flac,"1993,4647,2352,672,3061"
test_public/046053.flac,"624,3319,4591,1417,1061"
test_public/029335.flac,"566,530,3434,3009,3510"
test_public/110959.flac,"2656,4112,3992,4681,1555"
test_public/080316.flac,"4161,4055,3393,585,2830"
test_public/093912.flac,"2668,2304,1413,2149,784"
test_public/097343.flac,"2420,2599,1435,1589,543"
test_public/059871.flac,"4007,356,1136,4565,1051"
test_public/008928.flac,"4886,448,3243,3115,4625"
test_public/055841.flac,"1706,2158,4326,2537,3936"
test_public/010835.flac,"2079,2439,4632,24,70"
test_public/049779.flac,"2953,2720,554,2355,544"
test_public/012793.flac,"1541,4384,3935,3994,937"
test_public/083196.flac,"1553,4262,4394,4562,4534"
test_public/071483.flac,"2336,2009,4501,1033,2994"
test_public/132725.flac,"4982,3854,3306,2189,3861"
test_public/037136.flac,"1393,1659,4311,4018,1060"
test_public/120690.flac,"3716,3185,367,2896,1753"
test_public/025988.flac,"2856,1456,1521,1088,924"
test_public/124456.flac,"3846,247,227,8,888"
test_public/045607.flac,"2957,4344,3456,2999,415"
test_public/078490.flac,"730,1161,822,4880,3097"
test_public/071053.flac,"2118,3885,766,2425,3253"
test_public/116485.flac,"4210,367,1788,435,222"
test_public/088701.flac,"1610,195,2674,2915,2533"
test_public/095340.flac,"758,1268,1438,4794,2161"
test_public/040867.flac,"3123,3805,596,679,3425"
test_public/049277.flac,"2685,292,4558,2023,2328"
test_public/122932.flac,"2385,2582,3744,217,4024"
test_public/030028.flac,"3944,4451,2676,2227,4279"
test_public/113964.flac,"1671,4764,1079,258,4635"
test_public/076270.flac,"4955,2358,4655,387,2205"
test_public/033371.flac,"1336,146,1263,3662,4140"
test_public/006980.flac,"1086,4781,3329,3675,536"
test_public/010593.flac,"553,3302,2995,3559,290"
test_public/096316.flac,"1519,2220,1856,2226,889"
test_public/119285.flac,"2777,3488,3204,4278,4157"
test_public/120858.flac,"2137,1192,4637,640,241"
test_public/041159.flac,"4607,2694,3042,3754,4113"
test_public/032514.flac,"4462,64,2915,2147,154"
test_public/098375.flac,"387,2478,2013,386,690"
test_public/021552.flac,"1147,4182,995,2823,1970"
test_public/094476.flac,"3708,4590,2110,75,1023"
test_public/007097.flac,"2071,4226,2131,464,4580"
test_public/073075.flac,"2014,2085,1786,4753,3972"
test_public/027012.flac,"3743,441,3278,3610,821"
test_public/041498.flac,"3207,3056,84,1711,2841"
test_public/122957.flac,"3810,4270,4987,4352,4893"
test_public/024515.flac,"2592,4326,2290,3698,2537"
test_public/059778.flac,"217,86,1496,698,1608"
test_public/022910.flac,"3620,2805,1068,4212,1701"
test_public/002045.flac,"1525,4222,4721,3847,1281"
test_public/125344.flac,"319,1875,2112,2466,4899"
test_public/120181.flac,"3607,3384,1154,527,3301"
test_public/070775.flac,"3426,2979,3866,4914,3068"
test_public/036862.flac,"809,386,1436,2101,674"
test_public/016382.flac,"1788,762,2164,382,2409"
test_public/017457.flac,"834,890,3269,1390,3428"
test_public/028646.flac,"708,3851,617,4275,4440"
test_public/001772.flac,"3656,156,3483,1609,2597"
test_public/019215.flac,"637,776,313,4834,293"
test_public/118654.flac,"2968,4338,2989,713,4630"
test_public/077435.flac,"3227,4413,3163,2168,642"
test_public/108134.flac,"4804,2848,387,233,26"
test_public/095048.flac,"1911,2101,1520,4731,595"
test_public/036759.flac,"3801,4789,4685,761,3566"
test_public/071185.flac,"434,1337,1989,2945,3499"
test_public/002039.flac,"969,1147,222,3064,1449"
test_public/132808.flac,"4084,497,4254,222,4380"
test_public/045591.flac,"1072,2511,3348,4107,3027"
test_public/035062.flac,"4458,1903,1690,3834,4138"
test_public/086323.flac,"1307,3909,1919,2796,1253"
test_public/133500.flac,"19,2168,1706,3576,2546"
test_public/040158.flac,"2118,2425,3961,4837,3655"
test_public/092063.flac,"119,2129,494,827,246"
test_public/090545.flac,"1204,4872,4650,2304,3472"
test_public/025306.flac,"3085,863,3864,2860,195"
test_public/075659.flac,"4595,3842,3571,3142,416"
test_public/085244.flac,"3253,3655,2541,1728,1984"
test_public/013296.flac,"4732,2579,4646,4296,2115"
test_public/069011.flac,"4647,2896,4626,498,2562"
test_public/062869.flac,"2253,3187,2596,1294,3769"
test_public/038207.flac,"2762,2469,1865,4812,4303"
test_public/123779.flac,"1036,4135,2648,4200,745"
test_public/064745.flac,"3534,1998,4352,1015,3324"
test_public/109940.flac,"2555,2422,2893,4422,2490"
test_public/119554.flac,"4024,3744,1922,2847,645"
test_public/070647.flac,"292,4352,1750,2685,2307"
test_public/085443.flac,"1307,4150,3909,1915,4576"
test_public/043898.flac,"1835,3612,3085,1020,2852"
test_public/070706.flac,"4522,36,931,3825,2455"
test_public/117617.flac,"1531,207,1087,2380,3553"
test_public/050822.flac,"418,3858,4239,1550,2181"
test_public/075101.flac,"3388,1885,404,4299,159"
test_public/013196.flac,"4471,2648,4571,1478,196"
test_public/125290.flac,"4876,3511,3522,281,2945"
test_public/002689.flac,"3051,2145,2554,4216,1910"
test_public/065400.flac,"3127,1572,1589,2264,4377"
test_public/077689.flac,"1297,2308,3008,233,4834"
test_public/035850.flac,"1565,3502,3082,515,1254"
test_public/100830.flac,"4851,672,1270,1708,4109"
test_public/132779.flac,"1987,306,1969,936,1530"
test_public/049996.flac,"459,340,2192,1054,1152"
test_public/126778.flac,"4391,1307,2586,724,3332"
test_public/039856.flac,"2984,968,4920,4111,303"
test_public/066537.flac,"942,2009,2336,4501,323"
test_public/054051.flac,"4700,3310,4977,898,2535"
test_public/052740.flac,"460,1722,19,836,1583"
test_public/127717.flac,"1011,4135,1499,2947,2453"
test_public/061596.flac,"1436,809,2013,386,387"
test_public/112344.flac,"4648,3841,4134,4422,3190"
test_public/100653.flac,"4591,1058,3693,740,4520"
test_public/043284.flac,"4094,1868,614,1580,4947"
test_public/067655.flac,"284,2869,3432,1578,344"
test_public/095713.flac,"4558,1124,2685,2592,2537"
test_public/134587.flac,"3487,1580,1278,3707,3180"
test_public/091126.flac,"914,4009,3005,814,2850"
test_public/047324.flac,"4278,2285,1218,1147,1199"
test_public/100698.flac,"514,3180,2824,4883,598"
test_public/116694.flac,"4173,3002,3058,2770,100"
test_public/121199.flac,"2691,73,4359,3190,984"
test_public/093529.flac,"4680,1297,2013,3594,468"
test_public/044358.flac,"2230,373,3654,1110,2018"
test_public/025157.flac,"816,4291,935,356,4595"
test_public/103191.flac,"518,877,3490,116,4907"
test_public/072925.flac,"1855,1774,4256,1100,1354"
test_public/051735.flac,"4217,60,3786,2365,4976"
test_public/111911.flac,"4419,2128,3295,3763,996"
test_public/097077.flac,"2099,364,4949,641,3552"
test_public/019501.flac,"492,168,2043,1944,72"
test_public/061268.flac,"875,2571,1039,128,2546"
test_public/102290.flac,"3887,322,3688,4975,4882"
test_public/109380.flac,"3150,3794,4410,1927,4655"
test_public/088820.flac,"624,2422,929,4591,1306"
test_public/013513.flac,"4724,3732,3689,432,151"
test_public/081656.flac,"3463,4326,2379,103,203"
test_public/074931.flac,"3291,397,2950,1727,4110"
test_public/063136.flac,"312,364,1203,4039,4876"
test_public/085842.flac,"3862,3553,847,2021,3323"
test_public/086456.flac,"2270,3881,774,110,3253"
test_public/004745.flac,"2805,4401,2005,978,4871"
test_public/085725.flac,"824,4128,2523,4941,4454"
test_public/009520.flac,"1311,2120,195,4750,4107"
test_public/118061.flac,"2677,4395,3525,2267,3524"
test_public/079974.flac,"1496,247,3461,2405,86"
test_public/058159.flac,"676,4276,1300,3359,3577"
test_public/066581.flac,"1917,4211,1333,3494,1617"
test_public/115647.flac,"4413,4177,3227,4971,1927"
test_public/020340.flac,"4024,3701,506,3635,1496"
test_public/124859.flac,"354,3964,4820,268,2677"
test_public/085876.flac,"3373,2832,1097,777,2343"
test_public/008522.flac,"4611,4057,1441,958,3944"
test_public/049347.flac,"2106,2104,245,1736,4290"
test_public/019380.flac,"168,4916,3893,160,2033"
test_public/109638.flac,"1933,1721,2600,1020,3768"
test_public/118263.flac,"1783,3164,3613,4236,2773"
test_public/124568.flac,"1450,4001,637,988,379"
test_public/004590.flac,"4305,2317,2479,4691,1720"
test_public/051928.flac,"536,961,4781,2760,1493"
test_public/126759.flac,"4484,4947,2172,3901,1019"
test_public/128109.flac,"213,1132,1169,4357,1456"
test_public/060571.flac,"2636,533,1415,3901,4865"
test_public/031212.flac,"1317,4932,4942,89,2938"
test_public/001957.flac,"1173,2792,3886,2805,2901"
test_public/078064.flac,"627,3364,495,2840,803"
test_public/106067.flac,"3093,1110,4162,4844,369"
test_public/084350.flac,"1791,2964,4685,327,3265"
test_public/036944.flac,"3517,1620,1336,4161,3009"
test_public/094853.flac,"4397,4498,2042,2637,2007"
test_public/034178.flac,"2343,1904,1078,4981,3373"
test_public/066588.flac,"3470,3870,1168,1704,1186"
test_public/086524.flac,"4580,887,1850,464,179"
test_public/055017.flac,"2848,728,3657,1053,1582"
test_public/094592.flac,"4112,3338,2598,2614,513"
test_public/082221.flac,"3976,1310,1249,4889,1395"
test_public/109682.flac,"2505,914,1763,3910,3074"
test_public/120846.flac,"3887,3227,4413,2424,412"
test_public/034388.flac,"1294,2869,3657,3421,3895"
test_public/112432.flac,"1507,2084,4188,4993,3697"
test_public/025411.flac,"4692,4834,1710,1707,4580"
test_public/134499.flac,"490,2972,2389,4655,1820"
test_public/068818.flac,"2700,4971,1380,92,2729"
test_public/091648.flac,"4278,1543,3891,3204,4684"
test_public/117822.flac,"3600,547,2539,4944,3423"
test_public/034290.flac,"4342,210,4256,4258,180"
test_public/132554.flac,"2086,250,4900,812,2230"
test_public/123919.flac,"2136,4374,2780,4956,4551"
test_public/078732.flac,"1363,869,2529,1283,1316"
test_public/043705.flac,"587,907,1308,1404,4510"
test_public/133952.flac,"2069,3130,4131,3533,3639"
test_public/059424.flac,"4009,1552,3358,3008,413"
test_public/134058.flac,"3425,3514,2827,2770,4774"
test_public/071634.flac,"1226,4273,4731,3751,1418"
test_public/119642.flac,"2593,4124,2876,2189,1539"
test_public/007164.flac,"312,2708,4540,1065,1295"
test_public/091591.flac,"3135,152,3432,1461,3424"
test_public/034615.flac,"4296,1276,3698,2537,1042"
test_public/099727.flac,"3790,4723,4462,2960,975"
test_public/077394.flac,"2656,929,624,3710,1521"
test_public/125003.flac,"1835,4017,1885,321,2214"
test_public/044416.flac,"4957,2769,2263,3533,1896"
test_public/088597.flac,"2337,1610,8,3744,4455"
test_public/044561.flac,"2429,241,4794,4259,1874"
test_public/059014.flac,"181,4992,695,4154,3998"
test_public/125140.flac,"1169,213,1088,4591,929"
test_public/044357.flac,"1802,1624,630,1854,4071"
test_public/011732.flac,"106,629,1167,2668,74"
test_public/012077.flac,"3144,2639,2200,4528,3417"
test_public/051035.flac,"935,4565,3198,3651,4054"
test_public/038691.flac,"3202,1269,4996,393,4422"
test_public/043360.flac,"4593,4585,1539,820,142"
test_public/023178.flac,"3638,1614,166,2644,4070"
test_public/108068.flac,"1493,3155,3090,349,810"
test_public/124201.flac,"4138,4583,1898,1903,3495"
test_public/128062.flac,"3602,4845,3181,2700,2670"
test_public/070259.flac,"185,2253,3528,4081,2267"
test_public/090629.flac,"3162,387,1619,278,968"
test_public/061952.flac,"841,80,1544,1338,3131"
test_public/090670.flac,"789,3563,48,4927,2148"
test_public/133425.flac,"4182,497,1788,2542,222"
test_public/080937.flac,"268,4234,596,1612,991"
test_public/006038.flac,"1751,1989,3861,4068,3478"
test_public/003151.flac,"2580,1980,3063,494,634"
test_public/134334.flac,"2042,804,4704,2180,4284"
test_public/070711.flac,"865,3986,2852,4406,472"
test_public/001126.flac,"3866,1174,4859,4444,2979"
test_public/052340.flac,"2223,981,3607,2029,3315"
test_public/089819.flac,"753,919,4491,856,588"
test_public/009842.flac,"1877,4578,927,3390,2842"
test_public/071999.flac,"2343,1287,2570,1904,3918"
test_public/017743.flac,"1433,3514,100,272,330"
test_public/063999.flac,"1290,1243,178,3382,550"
test_public/123420.flac,"4693,2595,1651,175,1438"
test_public/112157.flac,"949,2005,610,4401,3153"
test_public/050727.flac,"1676,852,108,3909,4518"
test_public/094039.flac,"63,3901,3537,3497,2112"
test_public/100492.flac,"1176,236,395,3367,2187"
test_public/103894.flac,"1491,99,4374,536,4103"
test_public/032687.flac,"4486,1310,4131,2410,3130"
test_public/085598.flac,"106,3381,1134,1855,3877"
test_public/092461.flac,"3919,1213,909,3623,3092"
test_public/034190.flac,"1132,1088,213,4056,3811"
test_public/113538.flac,"3248,1691,4748,256,2557"
test_public/070083.flac,"4426,463,2482,4528,3638"
test_public/123053.flac,"1401,2888,3412,1307,2910"
test_public/074568.flac,"1467,3225,4772,4743,4278"
test_public/107029.flac,"1597,3955,1735,1153,3911"
test_public/010791.flac,"2769,1717,1643,2443,1128"
test_public/063545.flac,"2886,1346,3260,2742,1164"
test_public/006148.flac,"370,481,2302,3729,1925"
test_public/124792.flac,"614,4134,4947,3009,4473"
test_public/095169.flac,"292,2685,2803,3864,3628"
test_public/065471.flac,"1776,2900,1182,1223,3693"
test_public/034022.flac,"792,4072,2262,2031,4841"
test_public/098554.flac,"3094,2900,166,3682,266"
test_public/045613.flac,"3529,2542,4136,497,3092"
test_public/053808.flac,"3482,429,1795,1251,18"
test_public/115700.flac,"2559,18,138,2982,4576"
test_public/110980.flac,"1570,1098,818,1525,979"
test_public/111341.flac,"4541,30,2791,3050,2612"
test_public/063050.flac,"1139,420,321,2775,4070"
test_public/028668.flac,"3307,2462,2032,3155,1491"
test_public/035175.flac,"1577,3580,2063,23,2943"
test_public/089142.flac,"3638,4481,4289,3662,2597"
test_public/082701.flac,"965,4926,524,4029,3652"
test_public/055724.flac,"3367,2368,1772,1043,1959"
test_public/056321.flac,"4568,3548,1806,4580,3168"
test_public/077295.flac,"2874,3935,4744,3994,94"
test_public/029905.flac,"2717,3613,907,1925,390"
test_public/033188.flac,"563,3811,4056,1324,659"
test_public/064755.flac,"3435,2414,3902,4963,2528"
test_public/110190.flac,"2995,875,4767,664,4591"
test_public/117428.flac,"4138,3271,756,2798,585"
test_public/056170.flac,"2760,536,3675,1840,852"
test_public/106378.flac,"886,1722,3013,2526,4017"
test_public/031684.flac,"4039,2024,364,312,1065"
test_public/031037.flac,"3472,1003,613,2458,691"
test_public/050672.flac,"1217,3174,3022,1619,955"
test_public/095378.flac,"729,2464,1798,2,2440"
test_public/095973.flac,"4296,1124,2249,531,3212"
test_public/059317.flac,"2230,4167,3930,2293,2446"
test_public/017483.flac,"3792,2248,4759,1185,3460"
test_public/083033.flac,"4977,2642,304,376,1054"
test_public/090781.flac,"1759,2302,802,3334,3669"
test_public/012258.flac,"1474,1836,580,2459,3051"
test_public/033833.flac,"3919,1168,3092,909,3623"
test_public/002770.flac,"4844,1128,1898,4579,319"
test_public/114817.flac,"291,3785,3091,153,1874"
test_public/065563.flac,"4243,18,3997,3631,21"
test_public/118975.flac,"3438,4847,1619,1205,386"
test_public/132149.flac,"1773,218,2542,3850,1147"
test_public/119787.flac,"1775,2189,3046,2136,2866"
test_public/051839.flac,"2546,3049,128,1804,990"
test_public/129585.flac,"2437,4147,4646,4328,4791"
test_public/066557.flac,"2390,2345,2170,1293,916"
test_public/042845.flac,"1380,2526,2025,2149,19"
test_public/097365.flac,"378,4083,1676,4808,2031"
test_public/103126.flac,"2713,4821,289,1,5"
test_public/016942.flac,"1120,3751,205,2327,4731"
test_public/055694.flac,"4359,3730,2761,2381,2751"
test_public/095915.flac,"4143,4570,3409,309,4114"
test_public/033974.flac,"4290,2104,2556,1544,252"
test_public/015027.flac,"4878,65,2405,1784,2674"
test_public/034783.flac,"3181,2149,956,2385,2582"
test_public/015761.flac,"2370,2222,265,4546,1663"
test_public/097910.flac,"4851,1708,2171,2914,1203"
test_public/019809.flac,"4591,664,128,3596,4957"
test_public/029101.flac,"68,4119,2050,4041,3017"
test_public/096250.flac,"2314,205,3479,3061,2471"
test_public/034627.flac,"2160,2737,2157,1997,1443"
test_public/038861.flac,"8,2337,1496,3701,439"
test_public/045846.flac,"63,4853,1588,513,4681"
test_public/023772.flac,"2168,1750,4410,2709,3285"
test_public/042766.flac,"2781,174,3084,800,3911"
test_public/080943.flac,"2285,4118,496,784,4401"
test_public/007803.flac,"1329,2124,1788,454,996"
test_public/034809.flac,"1857,4054,926,2111,2158"
test_public/068206.flac,"1912,1535,1545,3098,2588"
test_public/000569.flac,"1491,295,724,2586,99"
test_public/091957.flac,"3896,3314,4281,1644,3637"
test_public/118658.flac,"4019,2164,4136,1839,996"
test_public/128761.flac,"4957,1897,2190,3019,472"
test_public/073854.flac,"1746,4363,4898,2701,496"
test_public/049877.flac,"1216,1184,4592,2311,4243"
test_public/075435.flac,"3993,1867,847,3034,4477"
test_public/013483.flac,"2586,1307,2683,2796,1031"
test_public/053322.flac,"3227,1990,2551,2432,1493"
test_public/124284.flac,"167,568,3351,4487,1353"
test_public/049596.flac,"2356,503,435,3149,4285"
test_public/131401.flac,"4919,1171,827,2753,4528"
test_public/082383.flac,"3505,4432,2244,26,4488"
test_public/012579.flac,"356,3629,3076,3172,783"
test_public/112199.flac,"2926,3993,4205,4179,904"
test_public/034991.flac,"2452,2053,2417,2708,62"
test_public/133341.flac,"1826,850,1459,3798,2495"
test_public/084636.flac,"146,960,1336,1660,2497"
test_public/040370.flac,"4549,3317,99,1307,4729"
test_public/034457.flac,"4991,3508,3407,451,2894"
test_public/030989.flac,"854,103,4109,935,4321"
test_public/067948.flac,"2489,1421,2273,3824,534"
test_public/087544.flac,"953,758,4794,3270,1546"
test_public/128043.flac,"4133,3202,4996,2250,393"
test_public/002633.flac,"2158,937,1902,2592,4558"
test_public/073369.flac,"1803,59,3241,2453,3170"
test_public/041181.flac,"4017,49,1354,1986,3572"
test_public/073864.flac,"3414,1308,850,887,674"
test_public/022541.flac,"4865,2518,4038,2398,4570"
test_public/066881.flac,"126,3454,1887,730,1849"
test_public/116671.flac,"1124,3330,388,3936,1303"
test_public/056184.flac,"2030,2960,3713,2665,3301"
test_public/087203.flac,"769,2557,3357,4902,1630"
test_public/039614.flac,"738,2661,344,2428,103"
test_public/031752.flac,"4054,3864,1014,3629,2803"
test_public/070704.flac,"3023,4238,2940,1821,2128"
test_public/095901.flac,"3263,3540,4193,3125,4370"
test_public/078504.flac,"3707,3655,1477,1363,1516"
test_public/116801.flac,"1823,7,342,4564,2345"
test_public/032327.flac,"2028,4601,3121,3221,2296"
test_public/058901.flac,"287,4597,4331,1562,3402"
test_public/129402.flac,"1904,2343,1157,2570,3918"
test_public/081002.flac,"132,2581,886,2001,1583"
test_public/094392.flac,"2563,3775,2019,4920,3288"
test_public/079555.flac,"3382,1159,178,4647,4626"
test_public/057648.flac,"591,4114,1907,4675,960"
test_public/081266.flac,"4395,794,3461,1566,4241"
test_public/119796.flac,"4587,4254,2037,4084,2055"
test_public/124124.flac,"3657,1707,180,1105,3421"
test_public/042390.flac,"3680,4281,2708,427,4208"
test_public/111697.flac,"2149,2582,3569,3507,4750"
test_public/077057.flac,"3008,313,4834,2710,776"
test_public/103173.flac,"3442,1458,271,3055,4685"
test_public/129122.flac,"3228,3737,3405,3932,2489"
test_public/064913.flac,"743,2700,4731,937,237"
test_public/015776.flac,"1780,3697,4407,4453,1551"
test_public/054388.flac,"3860,1892,4952,686,4754"
test_public/115368.flac,"1597,520,4955,4655,4739"
test_public/092534.flac,"1628,283,614,1580,1572"
test_public/095747.flac,"3671,90,2510,3567,4858"
test_public/003326.flac,"4591,1317,1061,2644,2490"
test_public/062793.flac,"2127,2586,1031,724,3332"
test_public/069798.flac,"1759,587,1273,1116,4706"
test_public/042308.flac,"1609,4533,826,347,4636"
test_public/013881.flac,"1166,1102,3541,4486,4341"
test_public/093578.flac,"500,4024,4905,3744,698"
test_public/057286.flac,"2046,4508,3533,327,1504"
test_public/052373.flac,"2835,3605,3383,180,1100"
test_public/000862.flac,"2359,2686,2131,1605,1836"
test_public/123664.flac,"4740,210,4763,3179,3707"
test_public/115451.flac,"3889,3091,4883,2698,3931"
test_public/086031.flac,"841,1306,1090,4942,4591"
test_public/091402.flac,"12,4069,1816,1471,3459"
test_public/114615.flac,"683,1856,2044,1453,889"
test_public/088244.flac,"4625,936,3906,1536,3243"
test_public/120759.flac,"2131,1888,4901,1541,4604"
test_public/109323.flac,"4816,436,3940,744,2336"
test_public/012282.flac,"4634,3035,866,2096,2053"
test_public/015362.flac,"3811,650,3469,1126,4056"
test_public/025564.flac,"383,4926,3819,2399,2691"
test_public/081435.flac,"1555,841,36,572,3060"
test_public/108447.flac,"4890,4268,4939,4531,4897"
test_public/020491.flac,"1386,1438,146,3442,3262"
test_public/095521.flac,"1243,996,4136,2192,1788"
test_public/105093.flac,"1566,4395,3793,3461,4241"
test_public/072729.flac,"4885,4863,4045,3065,2182"
test_public/082188.flac,"1941,24,631,3194,912"
test_public/048802.flac,"2136,1798,1074,4274,3494"
test_public/092861.flac,"172,1955,4975,3688,3887"
test_public/045788.flac,"3354,510,4825,2240,3523"
test_public/087970.flac,"3427,960,4400,619,2556"
test_public/028140.flac,"3397,2945,120,2024,994"
test_public/036383.flac,"632,3446,4112,3319,841"
test_public/050797.flac,"1952,54,3554,343,2243"
test_public/060827.flac,"4484,4556,156,3656,4947"
test_public/023547.flac,"573,4970,2937,1588,513"
test_public/105084.flac,"889,1664,1781,597,742"
test_public/054826.flac,"4355,2456,1444,766,1928"
test_public/022169.flac,"2123,3451,709,1043,4648"
test_public/054582.flac,"415,3596,3113,722,2652"
test_public/024528.flac,"4337,2599,320,2886,4628"
test_public/089213.flac,"3851,3525,4275,1914,708"
test_public/053436.flac,"4241,210,2386,65,2828"
test_public/025182.flac,"2388,1572,4970,2212,897"
test_public/090705.flac,"1738,3576,836,109,4050"
test_public/058279.flac,"2135,2667,3344,2588,2352"
test_public/108826.flac,"3709,59,3355,276,1643"
test_public/071663.flac,"4558,2592,364,2685,4487"
test_public/002963.flac,"1986,1053,2188,728,1272"
test_public/088697.flac,"3848,286,2691,2671,4345"
test_public/033659.flac,"1398,3809,3635,4898,2126"
test_public/044869.flac,"2084,2303,4875,3059,4883"
test_public/109251.flac,"829,1864,922,3678,4586"
test_public/101459.flac,"4067,4450,1977,4285,1473"
test_public/078386.flac,"3888,919,440,3032,258"
test_public/123811.flac,"1569,1856,3559,3158,4944"
test_public/063535.flac,"149,637,3388,4936,1605"
test_public/042391.flac,"1580,1516,1283,3707,663"
test_public/018983.flac,"540,4892,2849,1168,3754"
test_public/055950.flac,"880,1744,651,2579,3232"
test_public/064552.flac,"4686,3501,4668,3030,1540"
test_public/099622.flac,"4703,3285,1307,3715,903"
test_public/131431.flac,"2062,3715,3097,4880,3991"
test_public/016407.flac,"2257,1677,890,3364,1321"
test_public/004247.flac,"4315,2512,2883,2489,534"
test_public/071128.flac,"2127,1307,53,378,784"
test_public/040449.flac,"1477,3003,3655,2425,220"
test_public/011227.flac,"2918,1259,1046,713,3238"
test_public/041424.flac,"4811,4640,914,3005,1044"
test_public/048833.flac,"2428,2004,2369,2474,1947"
test_public/088431.flac,"2497,4944,4769,3995,4969"
test_public/069770.flac,"1816,4868,4272,3032,373"
test_public/074316.flac,"1896,4218,3638,1885,166"
test_public/046756.flac,"3994,4307,3577,2522,2700"
test_public/001075.flac,"1223,3013,19,166,2727"
test_public/060246.flac,"1678,2560,1185,694,2559"
test_public/118498.flac,"3316,3521,1672,1499,3236"
test_public/055035.flac,"2759,1310,2632,3940,415"
test_public/067180.flac,"1881,130,3358,905,22"
test_public/051023.flac,"3112,4870,3753,2694,706"
test_public/085420.flac,"4783,3417,650,146,1328"
test_public/094386.flac,"3308,1868,4519,1040,3124"
test_public/067785.flac,"3388,697,1387,1456,1836"
test_public/122781.flac,"1814,2888,4523,421,2191"
test_public/011373.flac,"3062,3269,906,890,3016"
test_public/085601.flac,"4051,2032,2371,2304,3681"
test_public/120827.flac,"2100,1809,2072,4566,1551"
test_public/039683.flac,"4882,944,3227,4413,322"
test_public/117289.flac,"443,3994,4995,3577,2567"
test_public/081595.flac,"2614,3338,2241,1572,3054"
test_public/108871.flac,"3016,2930,3927,2231,2077"
test_public/016395.flac,"4277,423,2991,2844,2659"
test_public/116442.flac,"3320,2221,3742,2495,1356"
test_public/031620.flac,"1202,3158,3188,426,3013"
test_public/067734.flac,"3935,3577,2418,4975,2078"
test_public/062755.flac,"1172,4728,432,324,191"
test_public/081176.flac,"4740,1557,3914,1836,149"
test_public/054419.flac,"549,4942,16,4681,1747"
test_public/112684.flac,"1833,4544,4781,4729,2487"
test_public/017975.flac,"4698,461,1414,3570,3462"
test_public/121305.flac,"3172,1463,1417,1633,1653"
test_public/070738.flac,"130,1786,490,3732,4742"
test_public/053734.flac,"2115,666,102,2205,4732"
test_public/007467.flac,"762,2292,2275,4932,3825"
test_public/133648.flac,"4834,3281,1120,1876,4731"
test_public/019398.flac,"596,2417,2053,4304,35"
test_public/071704.flac,"64,1393,72,3513,102"
test_public/032716.flac,"2855,933,4433,3724,652"
test_public/072121.flac,"461,4698,3965,1405,4662"
test_public/023774.flac,"4204,1809,1066,4161,4134"
test_public/104783.flac,"1527,3773,3313,1552,3577"
test_public/044452.flac,"4612,929,543,1463,624"
test_public/008571.flac,"3554,1626,4332,91,4731"
test_public/082128.flac,"2792,3366,2990,3565,2983"
test_public/011717.flac,"173,1266,1814,784,1371"
test_public/075930.flac,"1267,1963,2662,3737,3991"
test_public/077533.flac,"3446,1544,2556,1317,1502"
test_public/093040.flac,"3576,2787,3158,1139,3842"
test_public/061013.flac,"4842,2103,2209,2371,4059"
test_public/054874.flac,"4562,4555,4702,1467,3951"
test_public/103831.flac,"1620,744,2027,1742,775"
test_public/045397.flac,"3898,64,1784,4266,843"
test_public/004508.flac,"3533,303,4955,1333,474"
test_public/023901.flac,"3066,3187,3075,429,4703"
test_public/082767.flac,"800,4269,4311,4410,4655"
test_public/092727.flac,"4355,2456,599,155,2851"
test_public/070183.flac,"2899,3617,4509,3854,2512"
test_public/006294.flac,"1158,3514,100,272,2335"
test_public/047081.flac,"2379,4270,1060,3798,2703"
test_public/111092.flac,"2420,4595,902,1005,3842"
test_public/089827.flac,"3227,832,1037,1735,386"
test_public/099604.flac,"316,1150,640,27,3342"
test_public/017626.flac,"4495,2161,301,1328,3131"
test_public/010824.flac,"3701,3793,1720,86,2337"
test_public/075589.flac,"93,2605,2227,3304,1686"
test_public/066933.flac,"4764,1079,4574,4246,1601"
test_public/105357.flac,"4111,3314,687,4126,2984"
test_public/075950.flac,"1997,4253,686,402,4684"
test_public/087186.flac,"1675,3248,2073,4406,4430"
test_public/014102.flac,"1983,1896,1885,3596,1921"
test_public/013430.flac,"1890,1612,189,2457,3500"
test_public/101798.flac,"4318,74,2078,2730,1981"
test_public/040884.flac,"3364,3005,3684,4248,2173"
test_public/098776.flac,"3064,1828,757,2401,995"
test_public/056902.flac,"1711,2729,642,2165,1084"
test_public/064904.flac,"3029,2888,2891,4294,3441"
test_public/063005.flac,"79,179,4580,1541,4920"
test_public/066900.flac,"3060,3825,4422,1319,1897"
test_public/022618.flac,"151,2848,728,1100,4369"
test_public/119892.flac,"2207,3045,2952,3154,4807"
test_public/113940.flac,"3469,4178,1388,1521,946"
test_public/033013.flac,"4837,3812,2989,2118,3402"
test_public/076169.flac,"3055,3639,1298,2964,4131"
test_public/041978.flac,"1230,4358,1922,65,4455"
test_public/026667.flac,"2224,446,2938,141,3697"
test_public/123673.flac,"4234,2023,3087,1692,1303"
test_public/121024.flac,"113,3052,2828,434,4455"
test_public/063475.flac,"1417,543,3172,2571,1051"
test_public/043532.flac,"670,3497,2172,1906,4484"
test_public/016792.flac,"3735,4949,641,47,364"
test_public/004196.flac,"4579,3322,4959,904,1632"
test_public/057784.flac,"4555,3951,4940,1173,4037"
test_public/029850.flac,"3798,4655,1060,322,3663"
test_public/063368.flac,"652,2464,3240,4088,1307"
test_public/042610.flac,"311,3196,830,1830,3316"
test_public/094429.flac,"4720,753,1893,847,1861"
test_public/065519.flac,"3635,506,3461,2337,1496"
test_public/082032.flac,"781,4940,4743,3149,3891"
test_public/058387.flac,"1212,2810,743,1497,4437"
test_public/116236.flac,"2980,1871,1254,3201,3502"
test_public/044744.flac,"3759,1319,2216,3786,4481"
test_public/088163.flac,"1283,2824,1745,4218,2477"
test_public/039544.flac,"2648,2299,1022,4471,2884"
test_public/119120.flac,"913,409,1766,3144,3755"
test_public/082755.flac,"4477,2380,904,4014,1670"
test_public/107127.flac,"386,2786,4265,3174,3324"
test_public/040446.flac,"1738,1918,2644,4070,3158"
test_public/105236.flac,"2364,2677,1509,1347,1804"
test_public/129761.flac,"748,4353,770,166,1896"
test_public/031017.flac,"466,3097,4090,4676,3615"
test_public/041718.flac,"3747,2832,777,3373,715"
test_public/058344.flac,"2582,977,956,3348,194"
test_public/063561.flac,"2073,4741,4070,841,1378"
test_public/048563.flac,"2919,4127,3961,2698,4883"
test_public/114272.flac,"3923,657,4972,3493,418"
test_public/119930.flac,"1165,1246,99,4435,2683"
test_public/086348.flac,"2096,2760,4518,4110,2386"
test_public/043541.flac,"1140,2683,3675,2760,3502"
test_public/060504.flac,"4697,2051,2203,4814,45"
test_public/050506.flac,"1985,3211,4382,3024,4090"
test_public/014052.flac,"506,200,2337,86,698"
test_public/084903.flac,"4207,743,1300,3893,593"
test_public/055187.flac,"3114,1414,3070,2084,3356"
test_public/032870.flac,"494,1803,1036,2671,3880"
test_public/099213.flac,"4875,3434,2557,3202,383"
test_public/075054.flac,"2111,2951,2115,4147,4410"
test_public/078559.flac,"2938,841,1544,36,2598"
test_public/106877.flac,"1919,1756,2117,4526,2191"
test_public/091671.flac,"1052,877,1312,116,327"
test_public/004061.flac,"700,2298,1210,2912,4583"
test_public/047233.flac,"569,4825,92,3749,3524"
test_public/007649.flac,"1106,513,2084,4188,2598"
test_public/127056.flac,"1639,3534,2211,2024,1590"
test_public/074686.flac,"1483,1804,4440,595,1639"
test_public/040898.flac,"2413,4279,4952,2693,3944"
test_public/121725.flac,"4381,2282,879,3957,4504"
test_public/076799.flac,"2184,495,2825,3988,1099"
test_public/123877.flac,"2237,3060,4137,3072,1521"
test_public/045997.flac,"217,86,2337,506,1496"
test_public/078275.flac,"1530,3113,282,2594,2252"
test_public/007810.flac,"1363,1283,3253,3655,4737"
test_public/119939.flac,"2208,1040,3510,530,3206"
test_public/102041.flac,"4475,4326,4774,4586,2249"
test_public/040294.flac,"2220,4789,3083,963,2086"
test_public/127918.flac,"4420,992,724,641,3505"
test_public/083184.flac,"1126,3710,3469,89,2811"
test_public/115707.flac,"2240,79,971,982,3736"
test_public/021052.flac,"3485,2487,554,1181,3544"
test_public/002504.flac,"3667,4267,1868,3308,3670"
test_public/008114.flac,"979,4222,3312,1281,3531"
test_public/045103.flac,"10,203,2162,2168,4027"
test_public/055327.flac,"1416,3773,3313,1552,3337"
test_public/030902.flac,"633,1761,4962,4824,3702"
test_public/003914.flac,"1946,4245,3285,4413,2168"
test_public/043956.flac,"306,282,3596,1515,1638"
test_public/051816.flac,"1019,4004,3580,4415,3592"
test_public/115856.flac,"3900,2245,3179,2568,71"
test_public/033121.flac,"3432,3448,652,1602,4043"
test_public/028074.flac,"3463,4539,1138,3532,3749"
test_public/099516.flac,"2544,1245,2590,2240,3758"
test_public/035878.flac,"4625,2719,1320,936,4886"
test_public/080199.flac,"3331,4933,2514,3495,3841"
test_public/112257.flac,"2835,2359,4914,4791,2991"
test_public/010471.flac,"3729,2593,739,1138,820"
test_public/032408.flac,"1366,3501,2191,4668,3032"
test_public/127810.flac,"4384,3008,2033,1297,776"
test_public/080109.flac,"1855,1919,2592,2685,292"
test_public/128283.flac,"4743,3569,2535,4278,245"
test_public/065857.flac,"196,2938,1502,2556,1229"
test_public/105410.flac,"152,278,4494,386,2786"
test_public/038610.flac,"711,1484,2067,3876,1268"
test_public/118473.flac,"1736,3529,3606,4977,80"
test_public/004539.flac,"26,4537,3505,2205,3970"
test_public/019732.flac,"140,1914,1408,3324,2099"
test_public/105933.flac,"4789,1020,4905,620,418"
test_public/047742.flac,"4566,4409,1809,4310,1965"
test_public/080462.flac,"160,1081,139,2696,4009"
test_public/000730.flac,"941,4262,984,503,1248"
test_public/041253.flac,"4403,147,4576,4088,2140"
test_public/055071.flac,"841,4316,1326,4112,2938"
test_public/036628.flac,"317,87,707,2748,3609"
test_public/041014.flac,"2359,149,1402,1974,3914"
test_public/127984.flac,"852,1140,1840,2683,295"
test_public/004019.flac,"4380,4476,2728,3000,3053"
test_public/080907.flac,"3070,2398,1863,782,4375"
test_public/052084.flac,"1822,4318,1777,1981,4813"
test_public/014361.flac,"3083,1667,4132,2220,4481"
test_public/084838.flac,"225,4697,1568,2655,1494"
test_public/030389.flac,"983,3383,1481,3240,386"
test_public/036088.flac,"1027,18,21,1558,1201"
test_public/089432.flac,"3461,86,1880,8,794"
test_public/052512.flac,"4276,2481,1073,4884,2131"
test_public/040338.flac,"2829,3632,4419,1563,3830"
test_public/032000.flac,"3423,1856,1361,4042,2516"
test_public/062724.flac,"4713,618,1055,3295,4419"
test_public/067189.flac,"281,1023,4876,1879,3511"
test_public/089530.flac,"3568,1395,2614,2241,3390"
test_public/030888.flac,"2028,812,121,2530,2345"
test_public/072607.flac,"4049,1606,3679,2846,2330"
test_public/078893.flac,"1085,888,4878,4455,65"
test_public/058651.flac,"2560,646,331,3519,2901"
test_public/134249.flac,"1190,4712,917,23,4879"
test_public/086036.flac,"3104,1041,362,3910,2379"
test_public/126182.flac,"3361,2013,968,160,2725"
test_public/091558.flac,"3707,1363,3487,3404,2918"
test_public/060477.flac,"2911,3622,3001,4219,49"
test_public/000822.flac,"3911,1919,880,2848,3689"
test_public/122088.flac,"3303,460,836,1035,740"
test_public/044111.flac,"4007,4738,1591,2656,935"
test_public/117836.flac,"2770,1590,3397,4173,3002"
test_public/020026.flac,"4080,4684,3831,4302,4058"
test_public/048183.flac,"4134,3733,782,3901,4375"
test_public/051814.flac,"2937,1239,513,4853,2473"
test_public/081389.flac,"2641,3054,1025,2420,934"
test_public/106053.flac,"2827,2024,3397,3534,43"
test_public/003764.flac,"2064,4738,3222,3938,3142"
test_public/072902.flac,"2202,4679,1178,1471,3760"
test_public/079967.flac,"3235,2981,744,1637,220"
test_public/076467.flac,"4661,2083,3490,166,530"
test_public/106960.flac,"2494,3286,398,217,4617"
test_public/057543.flac,"4852,2514,846,2486,3262"
test_public/099839.flac,"4655,2115,4757,3911,641"
test_public/076182.flac,"1916,2792,2954,3298,1961"
test_public/087462.flac,"349,3090,2880,2760,4827"
test_public/062324.flac,"3388,803,728,703,3936"
test_public/048134.flac,"4017,237,3200,1888,3876"
test_public/114883.flac,"652,2502,1911,1658,2358"
test_public/083593.flac,"3159,3229,1925,4148,3307"
test_public/102055.flac,"2735,1347,2800,3057,464"
test_public/021408.flac,"4378,4994,4936,2686,1362"
test_public/055497.flac,"3679,1574,4049,2047,3295"
test_public/058239.flac,"492,2243,54,1944,613"
test_public/121931.flac,"609,217,977,2915,1514"
test_public/096011.flac,"4636,3789,3113,987,2788"
test_public/018540.flac,"2337,3744,506,1496,698"
test_public/110937.flac,"1841,2890,1343,4355,4154"
test_public/127147.flac,"3803,4234,2590,3258,1446"
test_public/016187.flac,"4218,286,2691,3801,1896"
test_public/005088.flac,"740,1738,109,1380,1139"
test_public/126181.flac,"1738,3576,356,4033,4025"
test_public/040893.flac,"4064,3992,2399,2212,3842"
test_public/091962.flac,"2863,1031,724,3205,2683"
test_public/042693.flac,"3019,2292,4137,1453,3825"
test_public/020609.flac,"387,3022,2857,1436,2101"
test_public/034757.flac,"1426,4844,2155,2759,2632"
test_public/114756.flac,"1857,3612,1774,2650,2425"
test_public/075535.flac,"1966,4525,1798,1648,4040"
test_public/125743.flac,"4291,1769,572,111,1052"
test_public/037154.flac,"1802,1133,1443,4098,630"
test_public/091999.flac,"2776,1757,37,3037,2560"
test_public/122108.flac,"1418,3022,595,92,4332"
test_public/050564.flac,"3176,898,2989,2104,4033"
test_public/089520.flac,"283,1304,1868,4947,4094"
test_public/115557.flac,"2173,2528,2776,4559,1100"
test_public/009065.flac,"1918,4902,1738,3533,740"
test_public/033514.flac,"2996,2743,409,333,2354"
test_public/003354.flac,"2611,2342,3647,4140,243"
test_public/019743.flac,"1406,1653,2831,3157,4693"
test_public/100431.flac,"4253,3850,1218,1773,1443"
test_public/046369.flac,"2149,2674,4245,3507,3858"
test_public/087661.flac,"795,3972,3096,4640,4914"
test_public/125079.flac,"4858,4341,1310,2672,4755"
test_public/039796.flac,"2150,2252,1530,3596,3303"
test_public/088092.flac,"2857,641,364,3552,3162"
test_public/107469.flac,"4162,2923,830,4543,2958"
test_public/029548.flac,"4518,3201,4770,3896,3228"
test_public/103948.flac,"2212,902,1225,1435,1733"
test_public/032453.flac,"1896,3186,1352,1378,4765"
test_public/033939.flac,"693,3334,2588,824,675"
test_public/111044.flac,"3982,3618,2217,812,2829"
test_public/118475.flac,"4352,2307,4876,1056,364"
test_public/112328.flac,"2470,3141,4236,21,4175"
test_public/053835.flac,"2136,2362,148,1246,3046"
test_public/124224.flac,"4429,4593,3386,3684,424"
test_public/023484.flac,"2625,2212,4951,4448,1776"
test_public/044715.flac,"2595,1160,4693,2092,2066"
test_public/084887.flac,"531,3212,3561,1207,4068"
test_public/077137.flac,"1306,4824,3702,28,3772"
test_public/006790.flac,"2574,2151,1136,3561,2885"
test_public/014696.flac,"4998,4097,4087,4505,2999"
test_public/088460.flac,"3692,4083,739,652,3502"
test_public/097697.flac,"4140,2342,643,790,4064"
test_public/085320.flac,"652,3205,4274,1602,2304"
test_public/098022.flac,"322,1430,2307,4655,4311"
test_public/058390.flac,"1608,4107,285,4714,146"
test_public/042948.flac,"4762,1775,3108,4148,2349"
test_public/086116.flac,"3446,2309,2297,3985,3248"
test_public/003463.flac,"3966,1823,504,2047,1232"
test_public/123640.flac,"4501,1378,1896,3759,2150"
test_public/023085.flac,"1684,2563,4608,94,1303"
test_public/080363.flac,"2211,293,72,641,595"
test_public/039606.flac,"4132,1562,3083,696,4933"
test_public/129013.flac,"3530,1814,4880,424,4429"
test_public/011034.flac,"4229,3292,385,230,3025"
test_public/009948.flac,"4187,2380,2742,2955,1480"
test_public/118860.flac,"3612,2293,958,3032,258"
test_public/053028.flac,"192,4977,4084,2323,2542"
test_public/046349.flac,"340,2728,2009,4347,516"
test_public/127408.flac,"4027,3445,2038,3677,2438"
test_public/114297.flac,"1444,2852,2073,3009,4481"
test_public/011608.flac,"3205,2760,4083,2206,3590"
test_public/011733.flac,"2403,890,3250,3974,1369"
test_public/001812.flac,"1381,4513,2560,646,1576"
test_public/081762.flac,"2637,1905,3257,3362,3050"
test_public/053573.flac,"256,1691,472,1170,4748"
test_public/134210.flac,"3195,2926,3273,3070,4375"
test_public/133333.flac,"950,4354,3487,3070,4519"
test_public/002334.flac,"111,274,2842,4932,2490"
test_public/023374.flac,"803,1468,1665,1461,3479"
test_public/020082.flac,"4333,4596,4658,3900,2040"
test_public/004830.flac,"2252,2642,1983,415,740"
test_public/021012.flac,"3305,1713,4908,1143,4553"
test_public/024107.flac,"2687,2618,3659,642,3150"
test_public/072923.flac,"3837,2274,4786,855,2421"
test_public/055948.flac,"3881,4458,4959,2871,3725"
test_public/005194.flac,"2557,4251,4921,4957,3826"
test_public/099530.flac,"4655,2431,800,3911,4757"
test_public/001129.flac,"4325,2876,4770,526,2480"
test_public/104442.flac,"2416,2738,4044,2169,4922"
test_public/005059.flac,"4774,3099,1292,22,229"
test_public/100801.flac,"4512,3440,4411,307,3904"
test_public/112137.flac,"3490,4622,4533,4957,3826"
test_public/132336.flac,"3270,3755,320,538,561"
test_public/014889.flac,"698,247,4024,227,4485"
test_public/075866.flac,"487,2055,4254,4084,1329"
test_public/054044.flac,"4246,978,3442,399,1691"
test_public/106816.flac,"4942,82,3685,4409,1986"
test_public/090467.flac,"475,1635,2674,1996,2386"
test_public/079722.flac,"3870,417,2296,440,3721"
test_public/115085.flac,"4918,4142,2276,2147,2853"
test_public/122920.flac,"937,2537,2592,10,3625"
test_public/049130.flac,"1294,1107,4334,3500,3893"
test_public/012827.flac,"1203,4039,4851,2794,1233"
test_public/102129.flac,"3246,2389,3773,62,890"
test_public/077720.flac,"4521,2979,2914,2505,1107"
test_public/004836.flac,"1450,3155,1917,3915,4001"
test_public/043025.flac,"1708,3276,4525,3574,2585"
test_public/078375.flac,"4212,9,2127,1687,2057"
test_public/054211.flac,"3965,321,3842,166,1733"
test_public/031943.flac,"3047,496,3932,4363,3030"
test_public/107328.flac,"4891,759,4555,4803,2542"
test_public/037691.flac,"2541,1175,1885,1613,3801"
test_public/035948.flac,"4952,1892,828,1543,686"
test_public/061046.flac,"1391,97,4115,1862,2304"
test_public/093514.flac,"227,4305,2479,8,888"
test_public/125736.flac,"2727,1929,4061,2597,1933"
test_public/114887.flac,"1035,4581,1350,2881,3592"
test_public/038705.flac,"1453,4422,566,2237,4996"
test_public/042589.flac,"2131,1605,971,3582,914"
test_public/061062.flac,"3240,3718,4631,3590,1840"
test_public/095025.flac,"3853,195,600,2674,3277"
test_public/051489.flac,"40,860,3827,1432,2665"
test_public/131897.flac,"420,3826,4339,282,60"
test_public/036185.flac,"2134,4157,121,3536,3888"
test_public/003846.flac,"2430,2833,4353,2824,3655"
test_public/009103.flac,"3010,2236,2074,1763,4884"
test_public/020269.flac,"2896,367,2016,2356,4292"
test_public/077213.flac,"1714,4252,1782,3571,3449"
test_public/101405.flac,"3461,1566,194,2582,1880"
test_public/118620.flac,"2424,2431,642,3227,2687"
test_public/019339.flac,"1547,2542,4019,1248,4514"
test_public/050890.flac,"3964,2327,4207,4820,1876"
test_public/013152.flac,"1482,1350,4565,1614,740"
test_public/112788.flac,"3142,256,2571,4738,1994"
test_public/127338.flac,"4344,3865,3434,3656,987"
test_public/025955.flac,"1921,4875,4179,899,4205"
test_public/004036.flac,"4844,1898,4899,4616,2466"
test_public/118178.flac,"2149,4061,4617,4080,4714"
test_public/061460.flac,"2162,4000,3625,2115,4214"
test_public/105369.flac,"1477,2118,1482,709,2992"
test_public/060445.flac,"3452,496,53,4176,1699"
test_public/000812.flac,"89,4932,783,1929,394"
test_public/128362.flac,"3172,1423,4291,1182,4050"
test_public/054189.flac,"3411,4100,1503,822,1831"
test_public/042662.flac,"4410,2307,2685,140,2115"
test_public/122279.flac,"1149,3478,4068,2588,4166"
test_public/056911.flac,"4289,848,1229,2788,1675"
test_public/016345.flac,"0,2993,2009,4288,942"
test_public/067976.flac,"2728,3000,3550,4114,3484"
test_public/045374.flac,"2512,1775,3932,2262,1925"
test_public/025962.flac,"2191,1503,4402,1915,3963"
test_public/012006.flac,"2286,2528,2776,1625,703"
test_public/048111.flac,"515,295,479,3868,2683"
test_public/133150.flac,"2588,4388,2921,3334,1308"
test_public/038558.flac,"2575,330,1337,4590,184"
test_public/019965.flac,"1528,633,4962,2811,4824"
test_public/118104.flac,"2095,4854,3152,2453,3670"
test_public/117843.flac,"2236,2255,3929,4863,4045"
test_public/020299.flac,"4383,3282,2209,341,2282"
test_public/107881.flac,"2598,4498,4704,1502,2614"
test_public/113352.flac,"538,4360,2639,445,3881"
test_public/035489.flac,"3274,4084,192,2227,4684"
test_public/078736.flac,"3791,1873,697,3347,2444"
test_public/122280.flac,"683,4591,4622,2727,4907"
test_public/085409.flac,"3041,2392,1826,652,3587"
test_public/093112.flac,"45,2217,2497,812,4191"
test_public/028988.flac,"2877,1609,2133,530,2510"
test_public/130388.flac,"3986,145,2160,218,1218"
test_public/116016.flac,"1053,2188,2300,3685,703"
test_public/026170.flac,"1661,3090,1925,3046,2697"
test_public/119072.flac,"4064,3647,4398,918,1180"
test_public/035003.flac,"1703,4320,4330,350,1522"
test_public/024299.flac,"4197,2360,2022,2401,177"
test_public/025175.flac,"1855,292,438,1053,2685"
test_public/055270.flac,"4806,2007,1301,3182,755"
test_public/038430.flac,"3410,2292,1342,1664,4501"
test_public/052680.flac,"2283,2180,4371,3132,4806"
test_public/020762.flac,"1083,2549,3613,3164,1647"
test_public/002457.flac,"2674,2125,4878,4061,1230"
test_public/057538.flac,"725,1869,4458,3540,733"
test_public/009874.flac,"130,2014,2163,2442,3258"
test_public/062760.flac,"2844,1931,2991,637,315"
test_public/009015.flac,"435,2192,984,996,3962"
test_public/076538.flac,"2651,2694,4497,212,2849"
test_public/097192.flac,"4733,765,4139,2250,869"
test_public/110218.flac,"2490,1306,1061,624,2964"
test_public/021888.flac,"4067,2178,304,3149,1942"
test_public/023713.flac,"921,527,4539,4003,2363"
test_public/089103.flac,"393,3161,1681,414,3195"
test_public/031381.flac,"3187,429,1184,1506,4781"
test_public/104676.flac,"1048,1155,73,3982,984"
test_public/037705.flac,"840,3544,716,3300,295"
test_public/018711.flac,"1206,1333,4059,4939,44"
test_public/054530.flac,"745,4570,360,3901,2083"
test_public/021479.flac,"2279,2323,4419,4075,4697"
test_public/076958.flac,"2260,83,854,4152,1313"
test_public/054168.flac,"1133,1624,630,594,4684"
test_public/035173.flac,"947,494,2824,734,884"
test_public/036006.flac,"595,209,1927,642,4332"
test_public/100096.flac,"1418,3162,2618,4596,1023"
test_public/005435.flac,"814,1974,4994,719,914"
test_public/042446.flac,"2167,3053,3490,1991,4028"
test_public/130319.flac,"3949,647,2809,582,1934"
test_public/064787.flac,"1551,257,2281,3257,4566"
test_public/066845.flac,"3218,1063,798,3587,1262"
test_public/115250.flac,"624,3446,3921,2336,4957"
test_public/071124.flac,"4523,424,1264,421,4266"
test_public/025942.flac,"3,2985,1498,3926,4232"
test_public/060017.flac,"1389,466,1668,2701,1420"
test_public/090340.flac,"4565,2118,4070,2666,4350"
test_public/056445.flac,"1547,1835,3025,3768,528"
test_public/103996.flac,"2025,3788,2063,1223,407"
test_public/097413.flac,"821,207,4779,570,2188"
test_public/031274.flac,"363,2562,3529,1732,4116"
test_public/056473.flac,"3192,1108,1481,2921,2087"
test_public/128295.flac,"3981,3023,2903,4564,1248"
test_public/067104.flac,"918,2125,2519,1835,2943"
test_public/034485.flac,"1035,3226,1663,460,3966"
test_public/065015.flac,"816,4595,4516,356,1051"
test_public/047159.flac,"3910,4835,4286,3911,4150"
test_public/132373.flac,"1262,2096,1770,1746,2262"
test_public/024570.flac,"3932,3406,3475,1491,2487"
test_public/092964.flac,"402,4684,499,55,3353"
test_public/131937.flac,"3533,327,2691,4501,2680"
test_public/066523.flac,"3614,2266,2287,4622,4661"
test_public/061254.flac,"3280,4100,2142,3828,822"
test_public/044421.flac,"664,1350,2167,4907,1738"
test_public/053242.flac,"1404,4544,4729,142,2836"
test_public/053642.flac,"3166,3489,2126,2512,792"
test_public/051451.flac,"472,1444,3248,1152,3629"
test_public/090867.flac,"149,1605,1806,3398,1402"
test_public/126227.flac,"2316,2056,1975,58,79"
test_public/041852.flac,"2413,3040,4195,4257,4700"
test_public/075762.flac,"222,1248,996,686,4136"
test_public/069873.flac,"2760,3090,592,724,536"
test_public/129105.flac,"1611,3262,2959,3570,1343"
test_public/089901.flac,"2148,339,3968,320,511"
test_public/104122.flac,"2119,3967,3068,3752,4250"
test_public/074920.flac,"720,4508,3656,2695,308"
test_public/119511.flac,"2180,251,1239,3806,4853"
test_public/123436.flac,"851,2420,2602,3284,4337"
test_public/097942.flac,"3046,3675,4531,400,2464"
test_public/068696.flac,"2701,4088,2238,933,400"
test_public/132388.flac,"3280,3107,4062,3828,822"
test_public/008616.flac,"4920,3712,1099,1737,4916"
test_public/103814.flac,"2915,217,2337,698,86"
test_public/061593.flac,"4258,480,4896,1081,1057"
test_public/043962.flac,"3025,2739,2164,462,984"
test_public/099779.flac,"895,1802,2542,594,1672"
test_public/111629.flac,"2685,2592,4558,4311,2537"
test_public/090381.flac,"3423,4398,1319,1569,889"
test_public/093962.flac,"2803,2666,4054,1244,3629"
test_public/061886.flac,"4216,937,438,364,92"
test_public/110653.flac,"4966,4156,941,4113,1872"
test_public/054148.flac,"1845,4011,585,2811,3278"
test_public/122125.flac,"4478,844,1471,1752,4474"
test_public/045794.flac,"1418,3008,4834,4913,1541"
test_public/043158.flac,"2611,3992,2893,861,3954"
test_public/063993.flac,"58,3056,1358,3207,3187"
test_public/121401.flac,"1010,2469,3600,4812,4619"
test_public/043590.flac,"3636,1223,2700,2859,4328"
test_public/059230.flac,"4838,638,2405,947,1072"
test_public/133432.flac,"1387,1040,267,3308,3901"
test_public/100517.flac,"2306,2061,1785,470,4331"
test_public/042216.flac,"3702,297,3865,4665,3113"
test_public/017414.flac,"3970,1297,1475,115,2205"
test_public/127279.flac,"408,2738,2416,1859,4981"
test_public/115165.flac,"1768,3791,697,3710,4056"
test_public/074639.flac,"2247,2926,904,1260,1215"
test_public/102597.flac,"2112,3376,3247,2444,319"
test_public/024862.flac,"2327,1120,1737,3008,3964"
test_public/120452.flac,"1156,2094,816,1338,4578"
test_public/064051.flac,"4451,2676,4387,4195,4684"
test_public/124484.flac,"4961,375,3511,1571,281"
test_public/064363.flac,"3461,8,65,1566,4024"
test_public/072034.flac,"4640,4521,4286,3736,1384"
test_public/036637.flac,"475,2925,4822,1703,2139"
test_public/045736.flac,"463,4137,271,1453,572"
test_public/101567.flac,"4080,376,1675,323,4400"
test_public/021086.flac,"4218,1896,1378,1918,3638"
test_public/107263.flac,"3302,3711,695,1979,3345"
test_public/041849.flac,"2777,234,1473,425,2808"
test_public/052079.flac,"4776,676,3577,237,4145"
test_public/044352.flac,"3393,3112,3467,360,3271"
test_public/131953.flac,"1446,4234,3500,1612,983"
test_public/130303.flac,"1236,2376,665,933,2712"
test_public/130528.flac,"1302,4952,3860,686,417"
test_public/009168.flac,"2556,4636,1229,4087,1336"
test_public/016651.flac,"4995,2700,2438,1226,868"
test_public/104542.flac,"888,2405,2674,4602,3052"
test_public/043426.flac,"1378,1885,4218,761,2769"
test_public/060203.flac,"4688,3019,2994,4957,1249"
test_public/001400.flac,"1742,4583,4073,1214,744"
test_public/086246.flac,"1503,1105,4100,4433,3715"
test_public/097675.flac,"1060,1075,1688,2687,4971"
test_public/003349.flac,"2695,98,4502,4541,2410"
test_public/023880.flac,"1270,1911,4537,937,1353"
test_public/000276.flac,"3194,2626,3517,4933,3393"
test_public/116474.flac,"2343,1287,1157,2570,3918"
test_public/073548.flac,"841,1090,1338,3319,2637"
test_public/117561.flac,"3086,670,87,1464,2569"
test_public/100879.flac,"4675,2920,3261,3778,3333"
test_public/014997.flac,"3592,404,4748,3462,1738"
test_public/053338.flac,"4977,2075,3521,2190,192"
test_public/122059.flac,"87,2700,4276,578,1348"
test_public/019439.flac,"2101,1990,18,4576,2205"
test_public/080318.flac,"1245,2319,2249,3354,3212"
test_public/002593.flac,"3688,641,4732,2115,603"
test_public/029623.flac,"2857,1347,2147,4655,2972"
test_public/046293.flac,"2441,1016,1307,3915,1031"
test_public/009578.flac,"1598,2591,96,363,3470"
test_public/049409.flac,"3155,4872,1074,1711,139"
test_public/018206.flac,"1482,1885,3012,1630,4070"
test_public/076908.flac,"1855,1582,2848,1542,3911"
test_public/113882.flac,"3876,1052,4785,518,116"
test_public/097102.flac,"2644,3243,3113,3115,4652"
test_public/127232.flac,"3744,500,4024,4905,2674"
test_public/012397.flac,"2585,4991,3729,2513,3407"
test_public/069166.flac,"1297,776,641,1639,2013"
test_public/130257.flac,"390,4454,2697,1603,1840"
test_public/107024.flac,"4415,2046,2229,740,4218"
test_public/055766.flac,"832,3163,1735,3227,642"
test_public/021584.flac,"3089,1283,3655,1643,1835"
test_public/025597.flac,"1721,929,3702,4591,875"
test_public/104851.flac,"4403,4319,2673,4798,4576"
test_public/118589.flac,"2844,1787,2991,149,4994"
test_public/130863.flac,"243,1600,2333,728,3177"
test_public/057554.flac,"1721,1082,4075,1547,2823"
test_public/067966.flac,"2809,436,347,942,4533"
test_public/028436.flac,"582,608,3089,3740,2010"
test_public/102071.flac,"1544,1229,848,2599,4290"
test_public/084126.flac,"229,3758,3344,1295,3255"
test_public/028035.flac,"2231,4203,737,4166,2505"
test_public/085131.flac,"2372,3384,4592,2603,2218"
test_public/033652.flac,"116,3815,4931,1111,2920"
test_public/020055.flac,"3194,1332,24,631,912"
test_public/080225.flac,"876,3312,3977,4758,4823"
test_public/128184.flac,"492,2255,1607,1049,3525"
test_public/015458.flac,"492,613,168,2243,2709"
test_public/014190.flac,"2240,3325,3695,4158,4320"
test_public/012949.flac,"2857,2147,4413,412,3150"
test_public/050974.flac,"2213,4109,2346,3183,4515"
test_public/111194.flac,"4239,1546,4900,2405,157"
test_public/074376.flac,"507,3333,445,2722,2906"
test_public/098629.flac,"4259,104,4267,2285,2809"
test_public/073734.flac,"508,4239,1020,4071,1928"
test_public/008377.flac,"492,2301,807,656,54"
test_public/092326.flac,"2102,3233,798,1703,2139"
test_public/044872.flac,"137,4501,3019,1317,4397"
test_public/020391.flac,"1334,642,3150,4462,4270"
test_public/118041.flac,"4037,4287,3274,1839,4084"
test_public/054544.flac,"2616,1111,4931,2768,3600"
test_public/006313.flac,"3140,4794,2027,2759,241"
test_public/087869.flac,"2615,543,1583,3172,1417"
test_public/030342.flac,"1315,538,483,3260,2430"
test_public/036594.flac,"4924,4105,3079,1598,1466"
test_public/037466.flac,"717,4468,298,3978,2119"
test_public/001134.flac,"240,1421,2662,4708,1603"
test_public/069913.flac,"2465,3166,3634,4808,3441"
test_public/058050.flac,"1551,4566,4409,751,4942"
test_public/053363.flac,"4175,4825,2585,3582,3371"
test_public/100177.flac,"2879,330,3641,13,3673"
test_public/048532.flac,"2880,3101,3329,1840,176"
test_public/114605.flac,"2504,1029,3566,4481,3538"
test_public/129223.flac,"508,2401,969,791,867"
test_public/125996.flac,"3922,1453,2254,448,394"
test_public/087304.flac,"2391,2962,3693,2125,2354"
test_public/097909.flac,"2125,4714,1895,2674,2149"
test_public/070886.flac,"1806,2071,719,4994,4226"
test_public/025266.flac,"1837,2316,2240,2056,596"
test_public/133010.flac,"1461,3500,3208,2114,1750"
test_public/124540.flac,"4450,177,4285,3981,3836"
test_public/062275.flac,"2617,4162,4443,630,1802"
test_public/064859.flac,"4814,250,1886,4943,1494"
test_public/057116.flac,"1171,4837,1150,2626,1903"
test_public/054716.flac,"1635,4245,74,4318,3507"
test_public/081642.flac,"2581,4776,2729,2522,2141"
test_public/036363.flac,"3596,1445,320,3638,1378"
test_public/000575.flac,"3655,2657,2425,1516,3612"
test_public/011592.flac,"58,4792,2587,37,357"
test_public/022691.flac,"1354,82,1774,1702,3326"
test_public/126195.flac,"1029,2597,306,3538,1969"
test_public/103966.flac,"4616,4952,3565,119,3699"
test_public/009977.flac,"434,994,2878,4761,1462"
test_public/013708.flac,"1911,2101,674,2432,1254"
test_public/094906.flac,"761,2167,3477,2766,3220"
test_public/029358.flac,"1312,877,2353,266,4228"
test_public/026443.flac,"4090,4647,466,4626,2124"
test_public/117412.flac,"3642,2644,4070,1739,4007"
test_public/011175.flac,"4875,3940,2190,1249,2519"
test_public/052959.flac,"1703,3372,2078,2232,600"
test_public/129614.flac,"4254,1443,4084,793,3274"
test_public/080493.flac,"2579,140,4655,3625,4757"
test_public/067417.flac,"4957,499,3596,875,963"
test_public/064002.flac,"2757,2734,142,4831,4593"
test_public/102191.flac,"132,2300,174,1288,431"
test_public/085854.flac,"324,592,396,2888,2880"
test_public/040437.flac,"4164,2934,2181,1853,1443"
test_public/132908.flac,"2077,3499,2428,3086,2040"
test_public/063826.flac,"2805,1161,4019,3204,949"
test_public/004928.flac,"3854,427,3617,3184,478"
test_public/098510.flac,"1780,4806,3537,2180,1151"
test_public/033294.flac,"47,322,642,4882,334"
test_public/048955.flac,"942,1033,2336,4501,4341"
test_public/131040.flac,"1885,4218,3226,1896,2425"
test_public/126054.flac,"4161,2409,1543,722,4803"
test_public/119652.flac,"1619,4220,2448,800,74"
test_public/000275.flac,"3022,2725,387,386,3722"
test_public/084840.flac,"972,1786,4079,2163,2099"
test_public/059595.flac,"4254,4380,4084,4182,3614"
test_public/047720.flac,"3962,1732,4365,2896,4310"
test_public/083452.flac,"2158,3625,937,1124,2117"
test_public/008401.flac,"1616,2420,3811,2212,650"
test_public/126839.flac,"2563,834,1289,2677,209"
test_public/071965.flac,"888,4455,2405,3011,247"
test_public/087820.flac,"1066,1008,4764,2926,847"
test_public/030328.flac,"4197,2360,2408,1778,2566"
test_public/077299.flac,"4558,2796,937,3833,2328"
test_public/036026.flac,"3397,4039,1590,364,1203"
test_public/098882.flac,"1223,4565,1139,1380,2644"
test_public/055800.flac,"4793,4045,4997,4885,352"
test_public/124307.flac,"1426,1653,2873,744,3050"
test_public/035301.flac,"3121,1285,4601,1573,3221"
test_public/109335.flac,"2223,1154,2773,2513,1840"
test_public/016932.flac,"2984,279,2068,2135,4545"
test_public/130052.flac,"53,605,4890,4043,3479"
test_public/002603.flac,"4551,4051,3307,2462,2780"
test_public/078672.flac,"4384,1541,4916,3893,2450"
test_public/031774.flac,"4280,933,3432,509,3205"
test_public/073566.flac,"2675,4373,1079,3366,2942"
test_public/015564.flac,"2432,2147,2551,2857,3163"
test_public/000711.flac,"4156,2055,1293,487,4587"
test_public/114003.flac,"3445,3285,4027,1674,2168"
test_public/129772.flac,"496,4363,3877,2620,1348"
test_public/103053.flac,"2546,566,4179,2245,4205"
test_public/068731.flac,"2452,3680,1446,35,62"
test_public/020548.flac,"1151,4498,1090,2180,251"
test_public/046547.flac,"1057,106,430,1852,210"
test_public/089748.flac,"683,4591,1319,4907,2644"
test_public/021688.flac,"3837,4786,2760,4043,378"
test_public/132748.flac,"4415,4875,1926,1312,740"
test_public/024063.flac,"3679,1606,3295,1574,2935"
test_public/061131.flac,"544,4881,3110,2355,2782"
test_public/019671.flac,"53,1922,4039,2592,2674"
test_public/088664.flac,"3017,2240,4325,1235,3695"
test_public/057650.flac,"4451,1494,2203,2676,1878"
test_public/037638.flac,"1854,2296,2508,1892,1285"
test_public/033475.flac,"3035,1411,679,4480,361"
test_public/067839.flac,"2086,3891,883,3662,4714"
test_public/126743.flac,"487,1700,4254,2037,1329"
test_public/090441.flac,"2316,1837,2183,1975,4213"
test_public/005742.flac,"3527,1713,2587,4090,2316"
test_public/066005.flac,"4993,2180,4371,4498,2042"
test_public/082449.flac,"222,996,373,3606,454"
test_public/100133.flac,"2386,1459,3052,4898,2405"
test_public/056729.flac,"4132,770,1139,4622,3596"
test_public/043601.flac,"4529,1368,451,4880,337"
test_public/071805.flac,"2630,1657,1190,1463,3863"
test_public/080881.flac,"1591,875,846,486,3825"
test_public/126984.flac,"378,1617,1307,1031,2683"
test_public/007963.flac,"3691,95,3370,632,3446"
test_public/048240.flac,"3270,320,2252,2092,4959"
test_public/090115.flac,"330,970,1760,2577,4961"
test_public/113992.flac,"3130,3639,3533,4131,1117"
test_public/081495.flac,"534,2585,2136,4175,1599"
test_public/104079.flac,"4226,971,1974,413,1806"
test_public/057634.flac,"4910,3362,4566,1551,1018"
test_public/122002.flac,"1675,1444,404,761,1896"
test_public/064210.flac,"1731,3010,2236,1763,2043"
test_public/048310.flac,"178,3606,3614,3962,1248"
test_public/084283.flac,"341,349,3307,1963,4523"
test_public/066291.flac,"2004,3499,3465,1396,558"
test_public/001302.flac,"4847,4472,983,3853,1619"
test_public/039725.flac,"938,2439,712,4632,4874"
test_public/021848.flac,"3193,795,1465,4163,298"
test_public/072163.flac,"1894,496,4118,784,2894"
test_public/003940.flac,"2069,3226,2125,1738,2657"
test_public/092162.flac,"3158,166,2766,3490,1594"
test_public/133277.flac,"1106,4188,1507,2947,4556"
test_public/109352.flac,"172,4913,2874,1913,4444"
test_public/094296.flac,"4750,3948,4714,285,2054"
test_public/020618.flac,"574,3440,481,3369,1820"
test_public/019494.flac,"609,3630,1608,217,3602"
test_public/033510.flac,"2709,4975,172,2115,3361"
test_public/114264.flac,"3979,4731,468,1297,91"
test_public/055553.flac,"894,4852,725,524,3055"
test_public/126031.flac,"4685,2516,4639,582,3543"
test_public/134511.flac,"4685,650,2641,384,2981"
test_public/128655.flac,"2571,4291,4064,643,877"
test_public/128769.flac,"1762,2453,3152,4854,3124"
test_public/046554.flac,"1492,2507,1826,852,592"
test_public/026624.flac,"960,1697,643,111,877"
test_public/052866.flac,"2657,2989,1857,2742,1017"
test_public/124908.flac,"4987,1056,2709,233,3552"
test_public/094486.flac,"1392,1809,444,2806,3691"
test_public/102012.flac,"3022,4644,387,1911,2013"
test_public/099837.flac,"65,3052,4455,2915,1953"
test_public/079023.flac,"1424,3915,855,4939,400"
test_public/105260.flac,"376,1229,3427,4290,2287"
test_public/073183.flac,"3958,4594,3337,1527,1709"
test_public/003938.flac,"3178,3349,4665,2597,830"
test_public/038043.flac,"2799,2203,2279,471,1048"
test_public/092724.flac,"2797,259,4066,2286,4624"
test_public/063435.flac,"265,1570,3679,618,3295"
test_public/052114.flac,"2122,120,970,2040,3035"
test_public/093901.flac,"1501,800,1922,2674,1244"
test_public/085990.flac,"1875,3376,3308,756,3247"
test_public/080083.flac,"691,2581,689,2458,1982"
test_public/027229.flac,"3798,4655,641,3552,2147"
test_public/018239.flac,"4732,4646,1750,2579,2951"
test_public/027293.flac,"3790,284,1784,2796,368"
test_public/050277.flac,"2158,3592,3698,431,3200"
test_public/024864.flac,"3812,3961,4837,3938,950"
test_public/057713.flac,"1843,4468,717,1962,3967"
test_public/128488.flac,"698,200,217,4024,1311"
test_public/076397.flac,"1248,1789,1546,4019,3734"
test_public/074978.flac,"120,2110,4333,3016,970"
test_public/126308.flac,"1344,670,3451,3308,267"
test_public/091614.flac,"1243,3897,3962,784,3448"
test_public/028661.flac,"2149,4061,2674,3507,1784"
test_public/105165.flac,"4531,2260,4787,554,2512"
test_public/078397.flac,"1307,2894,1371,9,2649"
test_public/013869.flac,"1055,4419,2832,3606,3529"
test_public/009202.flac,"1002,2626,4931,4583,27"
test_public/097879.flac,"1408,1104,4372,983,3887"
test_public/069427.flac,"4378,2686,1321,464,4914"
test_public/073322.flac,"1283,4883,821,3655,2919"
test_public/081111.flac,"345,2877,930,1772,2202"
test_public/112036.flac,"3536,1729,805,121,4157"
test_public/063842.flac,"3971,1351,2352,687,4304"
test_public/122430.flac,"1114,3291,1333,3101,1648"
test_public/079237.flac,"965,241,2671,2985,640"
test_public/108559.flac,"858,2377,4493,2183,3799"
test_public/120605.flac,"4489,2102,4822,1882,4013"
test_public/018633.flac,"1554,3155,2206,1917,2032"
test_public/080079.flac,"248,2730,4332,1982,2581"
test_public/093890.flac,"1831,822,4880,4401,126"
test_public/002369.flac,"503,2192,497,4564,2515"
test_public/080664.flac,"4213,580,578,2183,2688"
test_public/043254.flac,"2865,2575,4342,4249,1024"
test_public/001422.flac,"2136,3291,4381,4956,1114"
test_public/004170.flac,"2857,2551,1946,4462,4410"
test_public/020607.flac,"1842,4077,2468,4520,3993"
test_public/006967.flac,"2125,2674,4714,1635,4061"
test_public/073318.flac,"1638,1664,4921,770,1994"
test_public/068489.flac,"1654,205,224,596,2894"
test_public/022454.flac,"3564,4724,331,2321,4396"
test_public/127410.flac,"2936,2613,960,146,1660"
test_public/104045.flac,"3929,3645,54,343,3840"
test_public/093698.flac,"3275,4341,1620,2820,3050"
test_public/025451.flac,"2534,327,391,4520,271"
test_public/119052.flac,"1237,2160,4639,4463,2345"
test_public/026397.flac,"937,1270,1706,2117,2592"
test_public/017222.flac,"2567,2271,4995,2700,683"
test_public/095021.flac,"145,4976,4470,4253,218"
test_public/014342.flac,"1438,4426,535,3759,4495"
test_public/057834.flac,"4027,763,10,3790,1744"
test_public/020931.flac,"1786,2442,2014,4079,1108"
test_public/072887.flac,"373,1248,4019,145,3225"
test_public/032118.flac,"3201,3105,1450,4420,99"
test_public/090646.flac,"2725,3552,3798,1056,4039"
test_public/009618.flac,"3238,2766,4028,1738,1991"
test_public/011765.flac,"3285,990,19,1240,2546"
test_public/030738.flac,"4922,4627,4341,1694,756"
test_public/067745.flac,"2345,1222,2390,3092,3608"
test_public/133474.flac,"2476,532,1233,2708,2725"
test_public/115383.flac,"4484,4947,4556,1087,782"
test_public/024608.flac,"1629,2286,3684,4559,2528"
test_public/029997.flac,"588,2542,3221,234,1147"
test_public/039471.flac,"3177,4768,4286,2131,3279"
test_public/130268.flac,"3052,4455,2828,2405,1230"
test_public/129757.flac,"4387,916,4587,17,45"
test_public/061887.flac,"4823,759,304,3236,1792"
test_public/024636.flac,"1270,2158,2668,4384,388"
test_public/057212.flac,"4993,2058,1845,2042,3362"
test_public/066170.flac,"3153,422,3986,1020,3850"
test_public/028390.flac,"3065,4863,4885,4045,1331"
test_public/130709.flac,"4213,79,580,578,2144"
test_public/071081.flac,"3924,531,1512,68,1245"
test_public/062091.flac,"3138,3911,3524,2404,2709"
test_public/118325.flac,"4433,261,106,2869,4396"
test_public/039852.flac,"2824,3609,1283,1682,1315"
test_public/067597.flac,"4335,1774,2300,1241,1354"
test_public/003775.flac,"4941,587,1775,1661,1189"
test_public/069446.flac,"3446,632,1249,1544,4112"
test_public/041568.flac,"1756,4391,1503,1915,1016"
test_public/087861.flac,"1788,3148,497,4278,2535"
test_public/019218.flac,"3440,295,3494,1333,4325"
test_public/016136.flac,"2705,942,3921,1166,4406"
test_public/010251.flac,"2474,4277,2659,2201,2442"
test_public/124609.flac,"260,2299,963,3395,1328"
test_public/009551.flac,"4989,3190,3262,2091,4694"
test_public/014708.flac,"4485,2828,247,1085,2144"
test_public/010126.flac,"2706,2021,173,1242,1388"
test_public/112877.flac,"4930,4528,4426,2482,1135"
test_public/117507.flac,"4277,2659,2195,2234,2474"
test_public/128425.flac,"4679,4710,2947,799,4912"
test_public/057488.flac,"4697,2051,1494,2279,45"
test_public/108059.flac,"2531,1531,1918,3270,1670"
test_public/110931.flac,"18,3663,2358,3794,666"
test_public/084961.flac,"2760,3110,3090,1676,2880"
test_public/005829.flac,"1455,3304,2227,2948,4807"
test_public/071159.flac,"1517,2510,193,4139,2992"
test_public/022067.flac,"536,1424,3205,3201,4956"
test_public/088722.flac,"3855,3948,1263,3286,4602"
test_public/005028.flac,"1666,312,776,387,4384"
test_public/096210.flac,"1616,723,897,2388,4598"
test_public/102856.flac,"4109,1947,3183,2988,3833"
test_public/118845.flac,"4622,3569,2845,1152,4957"
test_public/042158.flac,"2515,1894,3254,4223,1722"
test_public/132292.flac,"615,3763,1736,2676,2143"
test_public/117725.flac,"1263,4700,3891,1336,17"
test_public/016263.flac,"3118,3237,1939,627,803"
test_public/117609.flac,"2206,134,628,4781,4659"
test_public/085965.flac,"1519,4463,3083,4789,3596"
test_public/017456.flac,"3675,1493,2702,307,3320"
test_public/025818.flac,"2413,4502,3925,2167,4361"
test_public/062117.flac,"1154,4201,2029,523,4507"
test_public/050806.flac,"535,141,446,1460,4498"
test_public/019124.flac,"605,2885,4845,3181,4934"
test_public/124039.flac,"1856,3570,3423,1569,963"
test_public/075202.flac,"4116,1767,192,121,4279"
test_public/128174.flac,"2363,820,4382,142,3386"
test_public/062243.flac,"740,4415,4976,584,2644"
test_public/099938.flac,"1208,2293,2192,1634,2535"
test_public/046552.flac,"1938,4166,1396,4982,737"
test_public/098119.flac,"3805,4147,4775,4904,3968"
test_public/083945.flac,"4288,2843,610,2020,470"
test_public/055733.flac,"4994,3907,4144,78,4894"
test_public/077443.flac,"976,854,531,3833,1266"
test_public/059147.flac,"1763,2255,492,1731,2892"
test_public/024420.flac,"2978,3060,4957,875,2461"
test_public/018064.flac,"4488,1848,3046,896,400"
test_public/011300.flac,"1465,2794,10,2787,1706"
test_public/038154.flac,"3695,495,4158,2050,1975"
test_public/044023.flac,"2614,3338,3390,4284,1395"
test_public/107253.flac,"3915,3205,4897,2760,2441"
test_public/051407.flac,"492,1607,1944,423,54"
test_public/032749.flac,"767,2653,3780,2126,185"
test_public/095573.flac,"2546,2568,935,71,1532"
test_public/044610.flac,"3912,3444,2689,4240,2346"
test_public/032952.flac,"1874,2926,345,1260,3770"
test_public/075380.flac,"1209,4759,4001,3915,1711"
test_public/119670.flac,"4326,2574,4442,4582,4596"
test_public/030379.flac,"393,2367,1269,4134,4996"
test_public/017881.flac,"3468,2750,4474,2871,3883"
test_public/016895.flac,"678,3238,320,2644,1638"
test_public/009397.flac,"185,1143,3528,2267,3435"
test_public/038524.flac,"3922,1971,4508,4995,394"
test_public/015618.flac,"2892,492,1763,3929,2236"
test_public/120556.flac,"4906,2847,506,86,3744"
test_public/068557.flac,"3695,1369,3269,3062,2135"
test_public/069753.flac,"4257,2928,640,1728,1283"
test_public/076697.flac,"4741,2073,1378,1697,3638"
test_public/001750.flac,"2126,1801,2278,2244,4898"
test_public/010669.flac,"297,3132,1870,2190,3702"
test_public/072704.flac,"4072,2683,3205,4729,1181"
test_public/048803.flac,"2691,1378,3826,1152,4902"
test_public/110472.flac,"902,143,4016,2484,1025"
test_public/007495.flac,"3595,4232,4611,1854,517"
test_public/109923.flac,"2287,1830,1453,2499,1326"
test_public/058681.flac,"2855,185,2253,2464,1071"
test_public/029563.flac,"901,4200,1979,3661,4641"
test_public/058318.flac,"3988,2982,39,318,4650"
test_public/010213.flac,"1067,3253,1215,110,774"
test_public/009798.flac,"2159,468,2522,2115,3893"
test_public/019342.flac,"3317,4729,421,1264,3737"
test_public/071301.flac,"534,2662,3991,1267,2363"
test_public/072583.flac,"2891,4507,1689,920,635"
test_public/068652.flac,"3113,4622,875,4591,4620"
test_public/033144.flac,"1705,1919,1582,1692,880"
test_public/035171.flac,"4440,2403,464,890,2979"
test_public/077827.flac,"3704,554,2282,3307,378"
test_public/123051.flac,"2678,2203,2106,1721,2597"
test_public/132944.flac,"2371,1114,4551,4051,652"
test_public/064952.flac,"257,3257,1809,4704,141"
test_public/123686.flac,"3386,4549,4787,4429,879"
test_public/039521.flac,"3132,1782,2473,2261,141"
test_public/014871.flac,"4983,1038,3323,2809,2672"
test_public/123321.flac,"4118,3865,3819,2350,1242"
test_public/118369.flac,"1757,4513,4235,2173,4624"
test_public/021034.flac,"848,2104,2266,1229,1326"
test_public/082699.flac,"510,2249,4039,2819,2537"
test_public/018355.flac,"69,1032,4920,4111,1245"
test_public/113854.flac,"174,2592,976,2537,1855"
test_public/040556.flac,"2636,3419,4669,894,1528"
test_public/065550.flac,"1618,3019,1409,1781,2994"
test_public/132424.flac,"2230,1208,1671,3930,4167"
test_public/001314.flac,"4438,714,3969,1155,3515"
test_public/055682.flac,"2978,3442,4922,4228,889"
test_public/012232.flac,"417,1704,3870,895,440"
test_public/042805.flac,"1338,1422,1317,36,2938"
test_public/063515.flac,"3077,2226,3942,4364,4172"
test_public/134038.flac,"1478,4471,2648,1022,4627"
test_public/067773.flac,"132,2001,1919,1774,2188"
test_public/102100.flac,"807,1952,2255,3359,2718"
test_public/079883.flac,"4142,295,410,1603,3159"
test_public/058668.flac,"4360,3557,2634,4478,1752"
test_public/088445.flac,"1003,3479,933,689,4384"
test_public/131452.flac,"3592,3158,1738,740,1885"
test_public/121377.flac,"1714,2529,1869,2445,1341"
test_public/113406.flac,"1750,4410,4483,140,4311"
test_public/067780.flac,"776,4834,3008,1297,2013"
test_public/029294.flac,"4017,3188,3912,4763,4740"
test_public/117206.flac,"284,2796,2328,2023,4452"
test_public/104858.flac,"3896,4128,3854,3617,2006"
test_public/081275.flac,"3124,4865,3533,1362,2069"
test_public/131805.flac,"4470,3121,4803,1892,671"
test_public/029011.flac,"1236,205,4928,52,652"
test_public/037920.flac,"2827,3397,2024,1590,2211"
test_public/068942.flac,"1837,2056,1975,578,2183"
test_public/132811.flac,"227,4305,3635,8,2479"
test_public/133846.flac,"2501,4708,556,3466,1827"
test_public/046948.flac,"1203,3098,596,1065,2708"
test_public/028423.flac,"3190,4014,4064,359,305"
test_public/036172.flac,"4429,4724,1814,4396,3975"
test_public/068977.flac,"2538,463,547,3265,4029"
test_public/019385.flac,"4316,1675,2104,4217,898"
test_public/048709.flac,"585,4138,3235,911,1593"
test_public/112070.flac,"3812,4127,3585,4502,1838"
test_public/090445.flac,"1894,868,3747,4054,4652"
test_public/116761.flac,"3970,4960,1120,1737,992"
test_public/024981.flac,"2796,4646,2023,4739,702"
test_public/028896.flac,"3689,4724,165,880,2720"
test_public/091079.flac,"145,3986,4520,4049,4253"
test_public/107203.flac,"2363,3975,2272,879,4124"
test_public/065829.flac,"2272,3475,1264,4831,1404"
test_public/058080.flac,"3330,3651,886,3357,976"
test_public/074563.flac,"3347,1768,4011,3791,697"
test_public/051643.flac,"1433,3514,1158,272,100"
test_public/021603.flac,"942,347,2994,2009,1033"
test_public/111817.flac,"1496,86,506,200,8"
test_public/088165.flac,"4586,3061,3448,1518,2855"
test_public/021427.flac,"804,1395,4284,3649,2626"
test_public/000286.flac,"2790,3205,1725,4937,4309"
test_public/084498.flac,"1635,2915,1238,3052,2149"
test_public/033710.flac,"3647,1657,790,1061,1632"
test_public/065057.flac,"1904,1287,1157,2570,4174"
test_public/097653.flac,"237,593,3912,1402,1601"
test_public/065530.flac,"1222,2170,3154,2390,3947"
test_public/098093.flac,"4566,4942,4409,841,2042"
test_public/082159.flac,"4184,1603,1925,3307,3046"
test_public/011439.flac,"730,822,4880,949,4790"
test_public/012252.flac,"2032,4051,922,635,4454"
test_public/096629.flac,"2285,4118,4995,2712,2011"
test_public/096042.flac,"3220,3558,620,4118,3602"
test_public/057956.flac,"4030,2135,3184,4304,3344"
test_public/024933.flac,"320,3580,3423,1417,4145"
test_public/093471.flac,"4455,65,4878,195,191"
test_public/012528.flac,"485,3047,4201,939,2782"
test_public/098247.flac,"3962,1248,3529,4278,542"
test_public/071786.flac,"821,4335,734,4176,2449"
test_public/052587.flac,"2205,4757,2857,749,2147"
test_public/023058.flac,"1557,1538,1314,1787,4994"
test_public/064399.flac,"4197,3939,1778,2022,808"
test_public/034935.flac,"2784,2480,534,3807,3396"
test_public/085414.flac,"148,3915,3687,3590,4001"
test_public/030931.flac,"2228,2273,4729,921,1404"
test_public/106281.flac,"4784,1483,4068,3269,281"
test_public/089233.flac,"1555,3284,1675,4112,2842"
test_public/116123.flac,"4869,4641,2422,846,2092"
test_public/090368.flac,"393,2250,1269,3733,486"
test_public/060507.flac,"765,3510,3434,3601,4903"
test_public/043217.flac,"2447,4496,2540,3499,1947"
test_public/128110.flac,"493,1232,2118,265,1053"
test_public/081436.flac,"4715,4051,2032,3155,2780"
test_public/041734.flac,"4592,1939,1446,3389,1612"
test_public/086806.flac,"2969,2285,1819,4662,4534"
test_public/062825.flac,"9,908,3107,1529,4212"
test_public/109365.flac,"557,211,3247,3137,2738"
test_public/019345.flac,"3532,3676,4539,3463,3209"
test_public/064860.flac,"858,2138,3645,4045,2026"
test_public/000197.flac,"2450,2033,4731,4384,4916"
test_public/083974.flac,"102,364,292,1434,4487"
test_public/052815.flac,"4477,1480,904,4187,1670"
test_public/039781.flac,"3601,306,4903,2691,1029"
test_public/075648.flac,"399,146,621,4202,744"
test_public/030779.flac,"3862,2748,1867,2317,3161"
test_public/100225.flac,"2798,1515,477,4251,700"
test_public/004676.flac,"956,3744,217,2674,2582"
test_public/058285.flac,"1784,2674,1348,1230,1635"
test_public/024878.flac,"3767,2329,2276,3909,2002"
test_public/133032.flac,"359,2212,1349,543,2858"
test_public/037679.flac,"1990,4723,1436,1108,2431"
test_public/120575.flac,"916,1222,2170,2345,3947"
test_public/013949.flac,"2962,1972,1851,952,2804"
test_public/075119.flac,"18,4072,3687,992,694"
test_public/043702.flac,"2424,3281,151,4307,4214"
test_public/121867.flac,"3577,4680,3994,637,468"
test_public/093159.flac,"3193,2584,4537,1548,2966"
test_public/053741.flac,"3492,3037,3046,2189,1793"
test_public/083125.flac,"4401,2887,1129,3846,2843"
test_public/070141.flac,"4865,4698,3899,4662,2083"
test_public/082066.flac,"3439,2602,851,282,2275"
test_public/127895.flac,"1134,593,4334,3281,1857"
test_public/004074.flac,"1802,4098,630,1970,4684"
test_public/028215.flac,"2733,4495,3517,3262,1328"
test_public/092546.flac,"2277,4440,3974,890,2013"
test_public/103027.flac,"2844,78,2185,2765,1855"
test_public/110437.flac,"3846,888,4455,8,1720"
test_public/114575.flac,"665,4121,3205,3110,4381"
test_public/129384.flac,"1555,981,3769,3293,2350"
test_public/061232.flac,"4279,3274,2022,1997,1586"
test_public/125609.flac,"4174,3225,4019,996,3763"
test_public/113816.flac,"4546,1166,3572,4486,1769"
test_public/080294.flac,"2899,2853,2760,3837,1432"
test_public/061916.flac,"4039,1639,3552,4644,3798"
test_public/002570.flac,"1838,2222,831,1510,3040"
test_public/030151.flac,"4100,3895,1198,4002,2779"
test_public/084317.flac,"942,4501,347,1033,2009"
test_public/102959.flac,"1694,2738,4044,2534,4922"
test_public/109695.flac,"4304,1411,4440,4459,2724"
test_public/015105.flac,"3935,4372,4687,1400,2565"
test_public/003781.flac,"3302,4794,2873,2995,301"
test_public/032975.flac,"1846,733,1776,1616,2599"
test_public/075123.flac,"4696,2796,1855,4558,2592"
test_public/109851.flac,"1061,4869,101,3284,4862"
test_public/082125.flac,"748,4591,4581,3638,4860"
test_public/025325.flac,"642,1735,2687,3150,4323"
test_public/048914.flac,"3355,3253,3089,4127,2824"
test_public/133170.flac,"3400,309,4844,1620,360"
test_public/133025.flac,"4563,538,2626,4345,555"
test_public/133609.flac,"1375,2004,994,395,1462"
test_public/127482.flac,"1130,2719,4259,306,4359"
test_public/040912.flac,"2833,1730,4637,4662,1373"
test_public/049587.flac,"4462,1735,2147,1597,2492"
test_public/065750.flac,"2036,674,2683,4798,1990"
test_public/120332.flac,"2165,933,4420,2304,4280"
test_public/130599.flac,"307,1493,4083,792,4531"
test_public/108100.flac,"4795,3493,3339,2655,579"
test_public/005950.flac,"1453,1700,4422,1018,3019"
test_public/095603.flac,"4147,4893,1060,1221,1735"
test_public/060136.flac,"72,3893,4027,1081,3445"
test_public/128875.flac,"2079,938,712,4632,3546"
test_public/075903.flac,"2464,1224,559,2031,2760"
test_public/058059.flac,"3915,4897,3352,215,4576"
test_public/064553.flac,"4079,2163,1786,3972,2014"
test_public/042897.flac,"4289,4481,766,415,2957"
test_public/028397.flac,"319,911,1875,1768,756"
test_public/062453.flac,"4127,3176,59,2097,3603"
test_public/096910.flac,"1208,1377,1816,2170,4868"
test_public/132431.flac,"2606,2369,3561,764,1639"
test_public/129382.flac,"2685,2307,1750,3162,4352"
test_public/091578.flac,"3084,4176,4485,3085,734"
test_public/062896.flac,"2033,2378,492,3893,641"
test_public/062837.flac,"1597,3911,3143,4798,4410"
test_public/123758.flac,"3418,35,4777,944,2041"
test_public/082528.flac,"4854,3152,2095,1762,612"
test_public/019364.flac,"3758,3255,2667,229,2708"
test_public/092707.flac,"4573,1018,875,3825,4932"
test_public/126811.flac,"4355,1431,1343,2851,1841"
test_public/088030.flac,"3695,1446,2277,3249,298"
test_public/010529.flac,"4384,613,1204,1418,3624"
test_public/056290.flac,"580,254,839,4213,4580"
test_public/133005.flac,"4758,4445,1942,4966,178"
test_public/076981.flac,"4957,3940,4685,3431,2237"
test_public/058384.flac,"2032,1189,1140,2371,1840"
test_public/010676.flac,"3862,2317,1017,106,4617"
test_public/115780.flac,"4531,1206,4043,378,652"
test_public/005754.flac,"1964,3441,2953,4003,3166"
test_public/064398.flac,"319,1742,3743,756,980"
test_public/132712.flac,"1461,22,1100,4946,4171"
test_public/049116.flac,"320,2652,19,4907,4581"
test_public/048380.flac,"4812,3264,1010,1865,3738"
test_public/028352.flac,"1647,3141,4236,21,3301"
test_public/003545.flac,"605,3837,2502,509,1236"
test_public/108507.flac,"4593,2816,1074,2549,3364"
test_public/040396.flac,"4853,513,1588,3568,1845"
test_public/009129.flac,"2195,2659,4277,2201,423"
test_public/052915.flac,"4714,1929,2546,1058,783"
test_public/110667.flac,"532,2171,2708,2725,3031"
test_public/084499.flac,"3363,4218,3557,1477,4360"
test_public/132210.flac,"968,4088,4798,1418,2756"
test_public/018300.flac,"227,4589,4305,4752,1720"
test_public/128350.flac,"2564,3799,4948,13,627"
test_public/107215.flac,"4276,4086,3337,1567,1708"
test_public/014228.flac,"4528,4426,2753,4930,2200"
test_public/016123.flac,"3340,2818,858,4884,4045"
test_public/116969.flac,"3222,143,3876,2264,811"
test_public/130148.flac,"4812,952,4830,4958,713"
test_public/056283.flac,"2514,4852,725,1596,894"
test_public/094730.flac,"341,4201,1404,1181,4184"
test_public/084954.flac,"3376,2444,319,4899,305"
test_public/104048.flac,"1267,1370,3737,1847,467"
test_public/013425.flac,"2964,624,1791,1061,101"
test_public/041331.flac,"250,2051,883,252,1263"
test_public/077241.flac,"102,1735,2857,2431,4655"
test_public/124646.flac,"4059,4550,1798,4939,3332"
test_public/025404.flac,"489,3286,1699,500,698"
test_public/097739.flac,"3991,2513,724,3037,1705"
test_public/016668.flac,"340,3318,4481,3763,4023"
test_public/055471.flac,"1263,2613,1336,146,790"
test_public/016167.flac,"3915,4214,724,3352,3909"
test_public/021144.flac,"2266,4289,960,2936,2287"
test_public/030099.flac,"3022,3173,795,2101,4687"
test_public/070932.flac,"3046,1847,4708,4148,2318"
test_public/018209.flac,"652,1602,223,3837,2441"
test_public/027116.flac,"1468,4018,2080,1037,4163"
test_public/089338.flac,"3443,70,3801,1969,2868"
test_public/071463.flac,"1710,4876,2569,281,75"
test_public/001324.flac,"3344,4304,4428,4281,1122"
test_public/131573.flac,"4918,4509,2888,3440,2096"
test_public/003391.flac,"4417,4242,2052,3888,2542"
test_public/037157.flac,"1246,4211,4585,1491,295"
test_public/115887.flac,"2208,4139,3404,90,2202"
test_public/067678.flac,"888,3917,4467,2317,4691"
test_public/047562.flac,"1370,4512,4781,1432,2434"
test_public/097657.flac,"1603,2495,3159,3229,3329"
test_public/062371.flac,"4852,1596,2486,3262,3331"
test_public/082570.flac,"497,2929,996,3614,3962"
test_public/129060.flac,"282,4685,3596,4463,1569"
test_public/032753.flac,"4416,2864,4786,4141,920"
test_public/041098.flac,"1594,1274,4418,4661,1387"
test_public/089278.flac,"3303,3940,3596,282,722"
test_public/127282.flac,"1397,4009,123,2659,423"
test_public/105140.flac,"2267,83,4184,2487,792"
test_public/055998.flac,"237,4776,4323,3577,4223"
test_public/051976.flac,"1069,3307,4781,2282,1603"
test_public/076323.flac,"4367,763,2835,2162,2914"
test_public/044465.flac,"3068,3892,3752,3866,4329"
test_public/092142.flac,"1223,886,4392,1614,19"
test_public/020029.flac,"2945,868,521,4596,4216"
test_public/119660.flac,"4396,3391,2668,4880,3844"
test_public/099043.flac,"1316,1363,869,1868,1046"
test_public/098140.flac,"1020,4257,3850,4058,418"
test_public/097766.flac,"1921,4054,2025,1918,4131"
test_public/018497.flac,"2298,3055,4712,3998,2636"
test_public/109403.flac,"195,3636,952,3693,2674"
test_public/078456.flac,"2156,4688,4520,323,1638"
test_public/100562.flac,"2192,4555,4445,1543,3148"
test_public/107485.flac,"3752,4781,502,3450,1116"
test_public/070233.flac,"1706,937,2565,2592,4655"
test_public/024524.flac,"2252,2322,3940,4380,320"
test_public/089609.flac,"3600,1111,116,2858,3622"
test_public/097468.flac,"3797,2966,3301,4537,4008"
test_public/011268.flac,"3186,3801,1717,1643,761"
test_public/075511.flac,"1183,4684,328,4977,3764"
test_public/047272.flac,"1167,4433,3877,106,922"
test_public/125615.flac,"1535,1032,2240,495,3766"
test_public/064517.flac,"2810,4731,743,728,4022"
test_public/093677.flac,"2168,19,2125,4047,1946"
test_public/098841.flac,"4787,879,365,4446,3283"
test_public/087985.flac,"3391,4151,1511,4396,4469"
test_public/048807.flac,"1881,3224,4170,1783,2185"
test_public/133050.flac,"387,968,3722,42,983"
test_public/102042.flac,"2857,2147,1946,2853,3513"
test_public/086472.flac,"4767,2964,4685,1856,2342"
test_public/075775.flac,"55,781,3092,3623,909"
test_public/084730.flac,"317,1707,4258,2004,4851"
test_public/050575.flac,"1013,2224,2422,446,535"
test_public/067810.flac,"1229,1544,4290,1893,632"
test_public/116552.flac,"1691,664,3363,4251,3158"
test_public/065176.flac,"1969,2504,4886,4481,3566"
test_public/062969.flac,"4343,1185,3155,332,3491"
test_public/132052.flac,"646,1576,4243,331,3747"
test_public/123948.flac,"622,4276,1394,4322,1932"
test_public/110539.flac,"363,1819,1008,3529,3620"
test_public/085327.flac,"4395,3500,2019,1289,4845"
test_public/014553.flac,"2480,2589,3974,2431,4914"
test_public/054209.flac,"2537,937,3625,4558,1706"
test_public/102190.flac,"489,2405,217,285,2385"
test_public/003871.flac,"3577,937,4995,2859,3936"
test_public/017066.flac,"71,935,4326,3686,2245"
test_public/130927.flac,"3511,3522,3086,281,2505"
test_public/099825.flac,"2343,1157,1287,1904,4174"
test_public/060321.flac,"4291,1058,1739,1417,2094"
test_public/092718.flac,"1450,1174,2902,2888,1491"
test_public/071905.flac,"1856,3533,963,1614,159"
test_public/100579.flac,"3330,3964,2249,3558,4442"
test_public/127430.flac,"1760,184,1674,2145,3900"
test_public/108887.flac,"2155,4167,4980,4357,3879"
test_public/046636.flac,"2827,2024,1590,2315,3534"
test_public/112949.flac,"243,3142,3248,1058,4738"
test_public/116333.flac,"3625,1998,2115,4328,3746"
test_public/127170.flac,"4449,2931,661,3586,1150"
test_public/022186.flac,"1288,1982,3558,2652,1000"
test_public/007960.flac,"956,194,2337,4107,86"
test_public/077786.flac,"2981,4620,3942,4957,1717"
test_public/076778.flac,"2966,3193,4537,313,2874"
test_public/050566.flac,"4825,1966,3354,1526,4175"
test_public/095030.flac,"3909,724,1307,3332,1031"
test_public/076384.flac,"4212,2057,1985,2701,58"
test_public/102875.flac,"4494,1759,2921,1481,3971"
test_public/019234.flac,"2564,2916,3143,2431,3974"
test_public/084290.flac,"3255,1612,2588,68,4460"
test_public/008221.flac,"1916,4414,258,444,3466"
test_public/133312.flac,"1706,976,2685,4558,2537"
test_public/001879.flac,"3729,1539,1121,4593,142"
test_public/050183.flac,"664,3363,1515,3427,60"
test_public/017858.flac,"543,3172,4398,2995,1856"
test_public/091356.flac,"4171,4301,2677,281,4658"
test_public/026560.flac,"3431,1987,2106,306,1191"
test_public/040853.flac,"1765,1502,513,841,3257"
test_public/059017.flac,"3559,4957,461,2516,801"
test_public/117369.flac,"230,2694,650,978,3783"
test_public/025016.flac,"1244,2492,2168,210,529"
test_public/001962.flac,"643,4957,2399,1691,4738"
test_public/059391.flac,"2790,3845,1939,974,40"
test_public/078884.flac,"4105,178,2952,3154,2390"
test_public/075967.flac,"3831,4408,4684,3606,2642"
test_public/066873.flac,"2447,2359,3805,4742,763"
test_public/018430.flac,"4176,3084,2449,884,734"
test_public/030336.flac,"53,3798,4798,1430,866"
test_public/088905.flac,"3127,4498,1340,549,1702"
test_public/129956.flac,"4907,2634,713,2254,4902"
test_public/029214.flac,"1863,1632,2893,3865,3992"
test_public/115741.flac,"899,1528,207,681,2027"
test_public/133123.flac,"2153,2497,2854,1519,3244"
test_public/100135.flac,"3338,1395,2241,4284,3390"
test_public/128057.flac,"1959,2592,3863,4291,976"
test_public/126430.flac,"1380,1856,683,3965,1769"
test_public/089063.flac,"1978,1802,218,671,3242"
test_public/084537.flac,"3970,4039,364,92,3102"
test_public/088390.flac,"4263,13,2892,4330,3695"
test_public/076646.flac,"104,715,4681,3964,89"
test_public/079610.flac,"1236,4915,2794,3061,2314"
test_public/036954.flac,"298,1124,2017,1706,2158"
test_public/081136.flac,"1526,4369,3285,3657,2764"
test_public/098120.flac,"4887,4718,810,3240,18"
test_public/075757.flac,"1650,1180,4303,2900,1776"
test_public/134360.flac,"1903,3194,4931,2129,3585"
test_public/035450.flac,"3768,4260,1259,4618,2230"
test_public/080548.flac,"609,217,4107,4714,489"
test_public/088959.flac,"2983,2990,1510,4966,4069"
test_public/124716.flac,"4738,2602,89,643,872"
test_public/082837.flac,"4537,115,3234,92,1056"
test_public/067209.flac,"445,2009,319,360,678"
test_public/050253.flac,"4534,3242,4048,4283,55"
test_public/057139.flac,"3940,3417,3819,3363,4875"
test_public/076204.flac,"2642,4520,584,3025,3608"
test_public/125428.flac,"3419,3557,4927,1531,4813"
test_public/049389.flac,"1679,1905,1096,3182,2007"
test_public/021253.flac,"911,4260,2595,4824,4675"
test_public/069660.flac,"561,4959,1135,1766,3144"
test_public/002398.flac,"1487,4739,2654,1491,4750"
test_public/109155.flac,"1589,650,2093,1972,3322"
test_public/051011.flac,"4217,4684,1675,4098,4182"
test_public/117298.flac,"410,4424,3369,1492,4405"
test_public/024915.flac,"740,4591,19,1921,256"
test_public/024098.flac,"2907,2170,4868,3939,3148"
test_public/132253.flac,"4942,549,4932,2715,1702"
test_public/052723.flac,"21,2498,147,187,3687"
test_public/010732.flac,"1478,4471,2783,1022,196"
test_public/077374.flac,"102,364,72,10,53"
test_public/118270.flac,"82,2824,1621,2425,4883"
test_public/013119.flac,"1789,4497,4283,3403,3754"
test_public/018890.flac,"19,320,1380,3638,584"
test_public/086914.flac,"4461,2244,3074,4986,4866"
test_public/037827.flac,"4531,378,400,3205,3827"
test_public/014429.flac,"4795,2435,1563,2932,4038"
test_public/020087.flac,"931,4112,3992,274,1126"
test_public/122994.flac,"1857,3629,2526,3864,1070"
test_public/085351.flac,"4990,3875,756,3393,4693"
test_public/063513.flac,"2201,2474,2195,423,490"
test_public/047281.flac,"3178,3069,788,2106,830"
test_public/069874.flac,"3128,1279,4849,3914,103"
test_public/118796.flac,"923,3857,2273,1963,2146"
test_public/027668.flac,"3241,4125,2905,4720,3716"
test_public/105223.flac,"179,2882,413,1297,4834"
test_public/029462.flac,"3160,1727,2335,1086,2228"
test_public/113013.flac,"1857,321,2803,3629,2781"
test_public/045664.flac,"3255,3971,2454,1351,687"
test_public/079224.flac,"933,2127,2894,784,2179"
test_public/016033.flac,"3253,1730,3990,3355,3885"
test_public/080634.flac,"2618,379,1203,1639,3337"
test_public/094691.flac,"1355,1006,4345,774,1499"
test_public/031587.flac,"3568,1326,3257,931,3710"
test_public/035297.flac,"4576,4319,1930,2683,18"
test_public/080459.flac,"2915,3744,4878,2803,2149"
test_public/109372.flac,"2035,649,4373,2942,1419"
test_public/042379.flac,"4451,1878,1624,3763,286"
test_public/035842.flac,"1483,4582,92,4440,209"
test_public/047776.flac,"2104,2279,3257,4665,376"
test_public/077051.flac,"2024,1023,4596,2537,1060"
test_public/130113.flac,"870,4945,770,4552,3922"
test_public/128284.flac,"572,2287,1623,2044,2266"
test_public/093354.flac,"3748,3546,428,199,3601"
test_public/030069.flac,"99,4072,724,3205,1493"
test_public/102266.flac,"4353,204,1861,1259,3638"
test_public/061605.flac,"4558,292,1750,1855,2592"
test_public/059337.flac,"4378,1888,4577,1314,2131"
test_public/020928.flac,"1735,2424,642,1927,1688"
test_public/108982.flac,"580,3540,2144,578,4213"
test_public/010198.flac,"3444,3912,2246,2844,4936"
test_public/130627.flac,"3264,862,3629,3559,1815"
test_public/047158.flac,"1613,4415,2263,286,1355"
test_public/035841.flac,"3161,2428,4725,3367,2926"
test_public/051086.flac,"4700,4195,4287,4684,1034"
test_public/092025.flac,"3753,3939,4048,966,3754"
test_public/121038.flac,"720,308,3961,3612,2425"
test_public/058289.flac,"1552,313,4913,1297,1408"
test_public/111539.flac,"1925,4454,390,1775,716"
test_public/001522.flac,"1316,2919,1283,3091,3961"
test_public/107614.flac,"611,587,1661,1775,1833"
test_public/130492.flac,"4332,19,379,2546,102"
test_public/087947.flac,"3479,4531,2304,4786,4845"
test_public/109608.flac,"2221,4585,99,1231,2883"
test_public/063643.flac,"3227,4413,641,1946,2857"
test_public/063117.flac,"4312,3802,4154,695,1969"
test_public/023309.flac,"2194,942,4406,1921,4846"
test_public/109503.flac,"4911,199,984,2199,919"
test_public/009889.flac,"1497,4216,22,3893,3039"
test_public/012425.flac,"1295,2476,35,4281,3971"
test_public/052060.flac,"4987,4427,2951,4483,1240"
test_public/116198.flac,"26,1297,3008,776,1548"
test_public/111177.flac,"1418,4332,3558,3008,4384"
test_public/026403.flac,"3591,4582,3281,3935,1236"
test_public/059355.flac,"1225,4821,4252,289,755"
test_public/051058.flac,"4299,3610,3247,563,3503"
test_public/048705.flac,"4567,1971,314,931,1551"
test_public/104904.flac,"4073,4288,2981,1898,436"
test_public/016721.flac,"1196,4593,2272,3046,4510"
test_public/074802.flac,"2301,4857,91,3359,4960"
test_public/124289.flac,"1536,2429,4625,3671,4154"
test_public/130763.flac,"2329,4724,939,2513,2780"
test_public/071312.flac,"2940,4272,1102,3620,673"
test_public/058795.flac,"3940,319,4818,445,3003"
test_public/042789.flac,"868,4096,3838,4875,4995"
test_public/062822.flac,"1144,2417,2053,3314,1289"
test_public/113217.flac,"2013,387,334,3552,2166"
test_public/040557.flac,"672,1024,4775,1710,1894"
test_public/067984.flac,"1380,1721,683,1769,4520"
test_public/031406.flac,"471,3763,340,1673,1559"
test_public/103506.flac,"642,1450,232,3173,613"
test_public/062437.flac,"1003,2141,3577,3555,2710"
test_public/090563.flac,"875,4622,548,415,1691"
test_public/015149.flac,"3289,524,4023,1728,4218"
test_public/023646.flac,"4765,2263,60,3995,1562"
test_public/030963.flac,"2000,2757,4843,4549,421"
test_public/115127.flac,"843,3138,1604,4775,4410"
test_public/080588.flac,"2997,4075,4031,3674,225"
test_public/037351.flac,"1237,793,1478,4833,817"
test_public/098193.flac,"2416,1694,3112,4922,4044"
test_public/103072.flac,"671,1853,984,895,2192"
test_public/134181.flac,"2557,1738,4251,3580,2644"
test_public/043027.flac,"53,2031,645,2885,3628"
test_public/015582.flac,"1670,4456,3408,2098,1176"
test_public/081048.flac,"1631,1851,4964,353,2354"
test_public/039870.flac,"2438,2668,346,684,391"
test_public/062522.flac,"3895,3657,103,4027,4800"
test_public/054723.flac,"3365,3240,4723,2673,675"
test_public/125644.flac,"760,2879,971,3736,3065"
test_public/024278.flac,"3774,847,1315,395,2870"
test_public/124221.flac,"4188,3404,530,930,3434"
test_public/115641.flac,"2251,3468,4474,965,124"
test_public/085774.flac,"2519,912,282,3303,1530"
test_public/038358.flac,"4639,4463,202,4641,2220"
test_public/050080.flac,"2482,4528,4426,4930,2200"
test_public/073999.flac,"4169,4564,192,125,499"
test_public/083192.flac,"433,881,3298,2391,3608"
test_public/082216.flac,"3554,1418,4834,2308,3008"
test_public/007871.flac,"2000,2734,4668,421,142"
test_public/031736.flac,"1791,4947,4200,3341,2224"
test_public/060708.flac,"1383,155,196,319,621"
test_public/023997.flac,"2206,4072,3205,349,1840"
test_public/117257.flac,"3408,4193,3540,538,124"
test_public/046161.flac,"1010,3375,1058,4812,3935"
test_public/056932.flac,"625,371,210,1922,1230"
test_public/016724.flac,"292,1855,3689,4558,236"
test_public/080604.flac,"3437,719,2404,69,4692"
test_public/054270.flac,"935,3158,2167,3012,2918"
test_public/081552.flac,"2982,4576,576,2304,1031"
test_public/076022.flac,"1865,4063,1111,598,3709"
test_public/063676.flac,"1896,4481,3471,761,2125"
test_public/002239.flac,"1047,4173,1585,3002,361"
test_public/099658.flac,"3525,2013,1347,3893,672"
test_public/054620.flac,"3552,2618,233,3162,148"
test_public/123252.flac,"2029,3056,2223,3613,1154"
test_public/071166.flac,"2782,4081,792,2310,2812"
test_public/128040.flac,"3286,2494,863,4905,489"
test_public/065683.flac,"1209,1625,2668,37,3792"
test_public/022300.flac,"3488,964,3204,1887,4157"
test_public/020290.flac,"4301,3358,4692,719,279"
test_public/094882.flac,"2414,864,3104,546,3895"
test_public/074487.flac,"4956,4374,1114,2032,4842"
test_public/054285.flac,"2775,1241,4905,321,2111"
test_public/058723.flac,"4393,485,2883,4937,2774"
test_public/125099.flac,"196,2648,446,1101,4471"
test_public/044644.flac,"1840,1925,616,961,2434"
test_public/087882.flac,"781,3654,4977,4861,984"
test_public/042287.flac,"386,1481,4723,3174,1545"
test_public/087117.flac,"927,1423,2571,4291,816"
test_public/028404.flac,"848,347,2287,376,3349"
test_public/005392.flac,"1925,4457,1069,3396,4781"
test_public/021076.flac,"2603,4266,1246,2586,4523"
test_public/004707.flac,"88,4665,612,2336,376"
test_public/063283.flac,"1419,3923,2990,3882,1091"
test_public/132567.flac,"3686,53,2307,2568,284"
test_public/085841.flac,"364,1203,1065,4207,1708"
test_public/040865.flac,"635,4762,2274,1492,1925"
test_public/048166.flac,"4757,1597,284,4955,4220"
test_public/039024.flac,"1427,1557,2108,1485,64"
test_public/073189.flac,"4360,2384,4959,844,911"
test_public/021761.flac,"4419,4049,3763,2107,2769"
test_public/030563.flac,"2147,1946,3805,2551,4719"
test_public/035728.flac,"4032,4469,424,1814,2321"
test_public/078603.flac,"4362,1181,3696,1230,4841"
test_public/065078.flac,"2674,4054,1857,4905,2149"
test_public/118124.flac,"418,2391,3948,1070,2181"
test_public/129021.flac,"2005,1068,1161,978,4278"
test_public/100971.flac,"1809,2044,2100,1392,1551"
test_public/113015.flac,"2964,3874,2657,801,783"
test_public/047429.flac,"2958,4316,4665,4681,2106"
test_public/048749.flac,"1934,1808,436,4259,2009"
test_public/106162.flac,"2545,3358,1474,2882,3096"
test_public/064834.flac,"1761,1528,3702,633,4962"
test_public/047172.flac,"2774,496,2507,1746,429"
test_public/121503.flac,"4980,162,2285,3714,2356"
test_public/028794.flac,"3237,629,1713,1503,703"
test_public/079669.flac,"2530,73,964,3304,528"
test_public/059835.flac,"3824,1308,1219,4545,2472"
test_public/091927.flac,"4609,4409,4907,2069,216"
test_public/001930.flac,"4884,2483,914,1763,2131"
test_public/000367.flac,"4413,2857,1946,1060,379"
test_public/097841.flac,"0,2009,4341,3265,4347"
test_public/007192.flac,"3727,4267,4779,4519,3013"
test_public/001146.flac,"521,637,988,3558,3008"
test_public/035059.flac,"2766,969,2047,2073,3679"
test_public/076067.flac,"4883,59,1477,2650,1283"
test_public/106010.flac,"672,3766,1850,3183,564"
test_public/044083.flac,"1739,359,783,1584,3142"
test_public/040757.flac,"1590,2577,2315,3397,2024"
test_public/033824.flac,"4455,8,1720,4878,888"
test_public/048779.flac,"4101,4717,4520,265,3981"
test_public/024486.flac,"383,1325,701,659,3821"
test_public/057714.flac,"4767,3319,1061,2490,929"
test_public/091749.flac,"3373,777,2128,3529,1055"
test_public/068641.flac,"2430,1730,3355,4353,3876"
test_public/002685.flac,"3861,4351,2139,2480,4811"
test_public/043001.flac,"1538,2524,4914,2844,2359"
test_public/092158.flac,"4549,4729,4429,3675,142"
test_public/079694.flac,"555,870,4552,4945,2680"
test_public/049912.flac,"3705,3882,4465,3526,3353"
test_public/065529.flac,"286,4087,3941,4636,3275"
test_public/058195.flac,"992,3552,4798,147,4103"
test_public/035513.flac,"3108,4914,2979,3207,642"
test_public/114239.flac,"111,2365,4508,4622,60"
test_public/026967.flac,"797,3778,380,2354,2529"
test_public/059670.flac,"1931,1787,906,3993,4994"
test_public/102219.flac,"770,3965,3248,4004,3446"
test_public/035073.flac,"497,1574,2192,4084,2330"
test_public/021490.flac,"4024,1610,506,2337,3744"
test_public/081353.flac,"3911,1919,151,1582,4757"
test_public/088515.flac,"1425,3346,4037,1213,4599"
test_public/040987.flac,"1044,3168,914,2253,2182"
test_public/022594.flac,"612,2791,56,1431,2456"
test_public/051341.flac,"1675,3085,4430,1152,1444"
test_public/106921.flac,"2551,4072,4841,3163,4623"
test_public/042051.flac,"4852,3262,2514,2613,1596"
test_public/053999.flac,"2441,1413,2502,2267,3479"
test_public/036468.flac,"4522,314,2715,3243,3665"
test_public/113932.flac,"2147,2551,1946,3552,4413"
test_public/003129.flac,"116,2388,3600,1865,4219"
test_public/055889.flac,"878,4995,2567,3786,2918"
test_public/124468.flac,"863,3085,4905,2775,2852"
test_public/027769.flac,"3634,3837,3518,4294,4988"
test_public/006437.flac,"597,1342,3265,912,2214"
test_public/025949.flac,"1617,4633,3448,3915,724"
test_public/011544.flac,"2517,4309,4488,710,4416"
test_public/069363.flac,"4249,2145,3712,1557,4796"
test_public/074826.flac,"99,1491,148,3090,3046"
test_public/130410.flac,"2256,2040,4855,1906,87"
test_public/035257.flac,"4154,2890,3998,2504,70"
test_public/021605.flac,"3424,4099,3035,2608,2796"
test_public/048754.flac,"4395,194,4358,3074,4826"
test_public/077618.flac,"3725,2985,3553,1728,4458"
test_public/037296.flac,"2811,563,2397,3863,1521"
test_public/000241.flac,"841,2556,816,3131,1502"
test_public/101759.flac,"3935,94,4384,1195,1913"
test_public/124544.flac,"1808,825,3649,4012,2809"
test_public/049393.flac,"1693,4325,3151,1558,1121"
test_public/057483.flac,"1772,2133,1609,826,2202"
test_public/036362.flac,"1989,3555,434,3296,3174"
test_public/024475.flac,"4192,2569,1967,771,4203"
test_public/024081.flac,"592,724,3205,176,3718"
test_public/084356.flac,"1035,1722,1991,3916,4907"
test_public/110138.flac,"2664,2810,910,179,69"
test_public/010820.flac,"2782,1370,485,467,2702"
test_public/003995.flac,"3563,3639,2082,501,3226"
test_public/005164.flac,"4845,1042,53,3181,2741"
test_public/069789.flac,"1176,1346,3682,420,4337"
test_public/006288.flac,"3461,609,247,2405,3744"
test_public/129548.flac,"396,592,2880,586,2002"
test_public/081557.flac,"492,3015,2771,3633,2243"
test_public/003247.flac,"3998,2868,4154,70,1611"
test_public/067965.flac,"4099,4294,792,4507,2274"
test_public/112370.flac,"2255,656,4548,2236,1952"
test_public/008649.flac,"2611,1863,4134,987,4556"
test_public/065402.flac,"3479,2127,1307,1042,4433"
test_public/037318.flac,"4064,4767,1616,2094,3992"
test_public/046166.flac,"1732,1008,4690,367,2016"
test_public/129229.flac,"3672,3757,3090,4083,4383"
test_public/125080.flac,"3226,1621,3558,3592,1542"
test_public/121404.flac,"1432,554,4841,1705,792"
test_public/002664.flac,"1182,166,1180,541,3682"
test_public/106001.flac,"3159,1925,3729,2547,2228"
test_public/032511.flac,"4819,3577,1408,4576,4680"
test_public/118141.flac,"2940,3023,4238,3981,1821"
test_public/085143.flac,"4802,4152,1108,3851,4798"
test_public/000450.flac,"4125,3241,2663,3446,1322"
test_public/016662.flac,"4899,1363,869,319,3026"
test_public/070802.flac,"3120,4587,759,4721,2645"
test_public/111882.flac,"4329,490,4270,2735,298"
test_public/007580.flac,"513,3072,2473,2598,1588"
test_public/022573.flac,"3030,2888,1172,2720,2523"
test_public/004616.flac,"1581,3001,3622,4219,49"
test_public/107967.flac,"376,4665,1675,2788,3921"
test_public/071641.flac,"316,3611,3660,4097,4505"
test_public/002509.flac,"4122,1710,1203,906,1924"
test_public/044616.flac,"2337,2674,217,1496,65"
test_public/035451.flac,"2746,4211,850,810,4319"
test_public/094419.flac,"796,4315,1847,842,4"
test_public/125399.flac,"356,4025,4291,769,4609"
test_public/078052.flac,"4883,1489,2698,493,4127"
test_public/059069.flac,"1907,3815,1940,980,1022"
test_public/018277.flac,"802,3320,1759,2588,4388"
test_public/057734.flac,"2390,3850,1222,793,2157"
test_public/045757.flac,"1640,2958,830,4162,4984"
test_public/115918.flac,"4373,4684,3242,218,1443"
test_public/087345.flac,"475,1882,551,4974,4308"
test_public/005443.flac,"1260,1681,1874,2247,4205"
test_public/101396.flac,"3848,2291,3419,4271,1004"
test_public/073059.flac,"1170,4748,1691,2258,4698"
test_public/125455.flac,"2515,1614,497,3220,4976"
test_public/068238.flac,"3927,1396,3499,2077,2004"
test_public/001602.flac,"661,2580,4449,3586,4161"
test_public/105561.flac,"425,1672,4702,4204,528"
test_public/129536.flac,"3797,2441,2649,2392,3837"
test_public/006535.flac,"3986,382,4976,1152,3471"
test_public/031224.flac,"2047,3763,471,2799,2728"
test_public/029357.flac,"2153,960,146,2499,4799"
test_public/048330.flac,"1588,1830,1683,1341,4140"
test_public/082112.flac,"1502,841,446,1544,3338"
test_public/019954.flac,"2412,1233,1639,1203,2914"
test_public/112227.flac,"2903,4238,3023,1281,1821"
test_public/064099.flac,"1566,3011,2317,4455,398"
test_public/108422.flac,"649,4373,2924,241,2035"
test_public/111979.flac,"320,3596,1741,4205,2353"
test_public/131425.flac,"1319,683,4064,411,4840"
test_public/029750.flac,"4596,1023,4333,281,2024"
test_public/124125.flac,"3770,3091,3308,392,4134"
test_public/046344.flac,"4710,4679,2202,2084,3656"
test_public/111548.flac,"4807,4116,3045,2207,2227"
test_public/055601.flac,"7,3064,671,768,4044"
test_public/011615.flac,"4939,4890,2441,3718,215"
test_public/067690.flac,"2709,2115,4410,3746,4311"
test_public/123063.flac,"1455,417,3204,2390,2815"
test_public/060158.flac,"4076,3672,939,523,2434"
test_public/108564.flac,"2341,1222,3947,2870,4414"
test_public/102142.flac,"3719,1670,2425,3089,3260"
test_public/134094.flac,"4051,4184,2032,3824,2371"
test_public/051071.flac,"415,2999,4794,3113,4289"
test_public/118424.flac,"830,3178,2106,3521,2660"
test_public/088485.flac,"415,262,4998,948,3302"
test_public/088084.flac,"2709,1125,2857,4987,386"
test_public/064069.flac,"2060,1167,3258,1820,3192"
test_public/007738.flac,"2391,1851,1972,4358,3693"
test_public/113810.flac,"4106,4715,896,2371,3201"
test_public/043835.flac,"2490,4591,1061,929,4685"
test_public/090048.flac,"3798,1692,1597,1582,3552"
test_public/128797.flac,"2584,4537,3193,4650,520"
test_public/077387.flac,"2363,498,2273,3435,4300"
test_public/010647.flac,"989,1570,618,2881,4246"
test_public/047641.flac,"1090,2373,141,1317,4284"
test_public/095200.flac,"2984,3779,4793,4548,268"
test_public/015347.flac,"4270,1518,2008,4175,510"
test_public/093389.flac,"4270,1914,3552,2412,3227"
test_public/098608.flac,"3979,151,1100,3761,4948"
test_public/020745.flac,"3572,3691,4591,4486,1921"
test_public/134382.flac,"1259,3629,3003,543,128"
test_public/067221.flac,"3459,234,4642,871,4355"
test_public/097319.flac,"63,1239,2614,2241,4704"
test_public/103541.flac,"2237,770,3446,3638,4591"
test_public/078185.flac,"642,4440,4521,4323,890"
test_public/000057.flac,"1475,1254,3669,574,277"
test_public/006994.flac,"4642,4957,1808,2336,2809"
test_public/075040.flac,"4718,4576,18,576,1185"
test_public/008762.flac,"2990,2629,4116,2227,3040"
test_public/133134.flac,"2030,1032,4126,2970,3335"
test_public/042441.flac,"2871,873,241,4360,1742"
test_public/048967.flac,"3935,2874,4177,3138,1400"
test_public/100815.flac,"518,4907,1052,4145,2538"
test_public/049526.flac,"3736,1858,3138,3713,2979"
test_public/002681.flac,"4656,3612,713,3238,1457"
test_public/097991.flac,"2983,3366,2629,1510,2792"
test_public/017389.flac,"1931,3993,1787,1538,703"
test_public/077856.flac,"3510,4903,4159,4179,709"
test_public/125642.flac,"4288,1753,1885,0,2156"
test_public/031015.flac,"347,4688,4501,3019,942"
test_public/122428.flac,"320,1417,1199,1856,3596"
test_public/018996.flac,"1531,882,384,511,3580"
test_public/002760.flac,"4031,2736,4075,3385,3620"
test_public/112954.flac,"4441,409,3993,3693,2900"
test_public/114741.flac,"2957,1191,415,4379,4665"
test_public/072054.flac,"3053,3925,4164,4638,1559"
test_public/028696.flac,"4219,3622,2911,1581,49"
test_public/098870.flac,"1047,2024,364,4039,4173"
test_public/099168.flac,"4818,4218,3965,3238,541"
test_public/109976.flac,"706,673,3506,3373,4495"
test_public/104628.flac,"1044,4948,4914,1374,887"
test_public/009588.flac,"4720,1046,1630,4331,3223"
test_public/021535.flac,"3550,181,3566,4312,2558"
test_public/034723.flac,"413,4834,1297,776,1541"
test_public/023820.flac,"1675,4400,930,111,3984"
test_public/032433.flac,"1731,2074,2236,1763,3645"
test_public/131980.flac,"489,698,3744,4024,200"
test_public/022001.flac,"1918,935,2766,1345,19"
test_public/076889.flac,"1380,4591,109,4004,2727"
test_public/022340.flac,"841,2009,1249,166,1551"
test_public/020753.flac,"3726,1597,800,4757,2796"
test_public/130993.flac,"2122,1396,3086,4333,1390"
test_public/110685.flac,"2050,3524,1235,4325,2240"
test_public/076190.flac,"4778,4294,4141,2517,1267"
test_public/093214.flac,"1897,2994,2644,4688,1994"
test_public/033096.flac,"2100,1584,1591,856,2072"
test_public/104483.flac,"4556,1973,2641,264,744"
test_public/132207.flac,"2013,2101,387,776,4731"
test_public/059051.flac,"2903,1821,2940,3981,1281"
test_public/110682.flac,"4669,659,383,3398,1780"
test_public/033772.flac,"3850,1183,373,4408,4470"
test_public/025769.flac,"3400,2906,4390,1363,4844"
test_public/029033.flac,"3602,4750,4107,1311,2120"
test_public/054333.flac,"306,3546,4299,3566,4874"
test_public/070427.flac,"3809,1725,4518,4631,2392"
test_public/126164.flac,"1366,3501,3037,2910,4686"
test_public/032850.flac,"3749,3163,3970,4039,3102"
test_public/024754.flac,"2164,1218,4253,4242,2230"
test_public/001332.flac,"4400,2820,4355,3050,1765"
test_public/017203.flac,"4821,3622,1591,1180,3001"
test_public/023411.flac,"2053,2869,3183,3990,2110"
test_public/049002.flac,"656,4884,2255,2892,2236"
test_public/089858.flac,"3391,3386,2495,3824,1264"
test_public/038546.flac,"1888,3197,2438,751,4907"
test_public/094301.flac,"4384,2378,4207,705,1541"
test_public/080537.flac,"1838,4700,2230,2566,285"
test_public/113506.flac,"2392,1770,666,21,2502"
test_public/052330.flac,"4607,1839,966,2694,540"
test_public/014688.flac,"4347,633,3456,4903,4710"
test_public/032269.flac,"2657,2220,4789,4862,1519"
test_public/035034.flac,"2948,528,2227,4807,4116"
test_public/059673.flac,"3675,3101,3090,1114,1165"
test_public/105116.flac,"3844,2355,796,3963,922"
test_public/023788.flac,"869,3707,1373,1043,4597"
test_public/112249.flac,"4591,2546,3220,3558,19"
test_public/115811.flac,"583,2791,3943,3257,2009"
test_public/126026.flac,"1024,4216,4321,3444,4515"
test_public/025034.flac,"2405,4878,4455,4838,194"
test_public/052429.flac,"459,2073,4028,761,1896"
test_public/029237.flac,"1395,3629,4923,2657,3599"
test_public/101395.flac,"4852,2486,1458,1596,3442"
test_public/002540.flac,"84,4008,3607,974,2540"
test_public/107037.flac,"1347,1604,3525,2800,662"
test_public/016416.flac,"3002,1047,4173,2770,3514"
test_public/101872.flac,"2938,4609,446,3697,2873"
test_public/057455.flac,"4137,1453,2237,1326,3431"
test_public/044845.flac,"2338,4586,784,3676,1236"
test_public/127407.flac,"3269,1390,3695,2257,906"
test_public/076534.flac,"3417,3302,1312,4289,3973"
test_public/117833.flac,"7,2949,1449,3939,453"
test_public/010186.flac,"2182,4863,4885,4045,1331"
test_public/062899.flac,"3301,3797,3936,3256,3330"
test_public/064216.flac,"4702,425,403,245,1704"
test_public/129148.flac,"3892,2525,3752,3866,4250"
test_public/059015.flac,"3178,2660,830,2106,788"
test_public/120477.flac,"1560,709,3707,4350,2992"
test_public/033792.flac,"3790,4146,2147,843,2389"
test_public/123733.flac,"3856,2909,3568,1513,3060"
test_public/059552.flac,"4646,1430,845,3080,4296"
test_public/100290.flac,"2653,2870,2244,13,2869"
test_public/105585.flac,"4258,703,1784,210,1053"
test_public/010752.flac,"1259,3172,356,1835,2918"
test_public/131257.flac,"4364,4029,461,1856,3570"
test_public/063218.flac,"3613,4236,3164,4727,974"
test_public/049246.flac,"4972,4105,462,4338,1961"
test_public/017225.flac,"4296,2685,605,102,292"
test_public/005075.flac,"4529,1848,3245,240,4175"
test_public/043960.flac,"478,427,3502,99,2853"
test_public/020045.flac,"2220,4789,696,1519,3262"
test_public/124131.flac,"4906,2449,4176,3701,2317"
test_public/110497.flac,"4905,2852,2860,1699,863"
test_public/072665.flac,"1906,2569,75,3016,2004"
test_public/024051.flac,"1461,1692,2328,4967,284"
test_public/028549.flac,"4317,4069,4137,3127,2194"
test_public/030790.flac,"2425,608,420,1928,2010"
test_public/005117.flac,"2206,1599,1140,3046,1840"
test_public/064741.flac,"291,1316,3785,1215,2946"
test_public/108341.flac,"909,55,3623,686,1183"
test_public/122827.flac,"1093,3879,2693,1718,2808"
test_public/094251.flac,"1182,266,3682,3248,1423"
test_public/083747.flac,"4051,4319,3915,4551,118"
test_public/018076.flac,"2403,3974,2013,1924,2960"
test_public/006116.flac,"949,1368,730,2038,3454"
test_public/077861.flac,"2319,3617,4041,3272,2006"
test_public/126722.flac,"837,4774,679,2585,68"
test_public/071941.flac,"4768,353,1881,3358,475"
test_public/026627.flac,"3046,3205,1114,99,4666"
test_public/109996.flac,"364,4039,2685,3663,1353"
test_public/126769.flac,"721,4017,1986,1774,703"
test_public/052810.flac,"1578,2379,1063,4761,3463"
test_public/015622.flac,"2165,1031,2586,1307,4391"
test_public/043044.flac,"4320,4742,3258,3587,1313"
test_public/049111.flac,"3280,1849,2374,3828,9"
test_public/020036.flac,"1661,3492,1775,4325,3159"
test_public/091545.flac,"798,2501,3660,628,2489"
test_public/059257.flac,"2206,3205,2760,1114,4551"
test_public/082980.flac,"3019,3541,3710,3567,2672"
test_public/060592.flac,"1830,1326,1555,4341,3431"
test_public/071771.flac,"415,1345,3940,3638,3702"
test_public/048668.flac,"262,2947,4418,4710,1036"
test_public/101954.flac,"3243,1921,4886,294,4182"
test_public/067133.flac,"4676,829,280,1891,4429"
test_public/075608.flac,"4350,4765,4421,4552,1691"
test_public/082259.flac,"2218,4363,3424,829,3978"
test_public/017524.flac,"3492,2956,2349,4051,3108"
test_public/013092.flac,"3745,2907,4721,3754,909"
test_public/034821.flac,"2028,2313,1285,4470,4408"
test_public/009664.flac,"702,2565,3698,2379,2537"
test_public/066163.flac,"3805,954,2725,3163,1927"
test_public/104791.flac,"3217,4865,3739,2312,1387"
test_public/126390.flac,"681,2791,4817,2906,4020"
test_public/072755.flac,"3505,1520,99,3150,4827"
test_public/121952.flac,"3247,1025,4422,4543,1453"
test_public/087579.flac,"2269,3988,2661,1812,3358"
test_public/029717.flac,"2763,1692,344,1060,1784"
test_public/063754.flac,"2069,3639,1117,1166,4131"
test_public/060094.flac,"301,2873,1229,1145,3427"
test_public/082115.flac,"2283,2261,1782,4371,4910"
test_public/070360.flac,"1120,1805,3522,209,4731"
test_public/121673.flac,"2023,94,1042,1124,531"
test_public/109094.flac,"4761,1123,2563,4873,4293"
test_public/120787.flac,"4165,4981,1574,4419,1055"
test_public/070077.flac,"685,3992,3568,1863,1572"
test_public/086707.flac,"2735,2185,423,4483,3955"
test_public/103452.flac,"3769,3895,4002,2745,1538"
test_public/015631.flac,"4193,124,3540,1958,4360"
test_public/038199.flac,"1647,2470,4236,40,4243"
test_public/048632.flac,"1739,3878,256,356,109"
test_public/086337.flac,"2451,843,4147,6,2431"
test_public/065635.flac,"561,3270,1135,3755,4426"
test_public/029001.flac,"1697,2573,3302,2504,262"
test_public/124266.flac,"3240,675,4403,349,2432"
test_public/041739.flac,"4885,4793,3065,2026,2818"
test_public/020679.flac,"4136,3776,2192,3153,4254"
test_public/032898.flac,"4278,1473,3891,4743,1543"
test_public/017850.flac,"642,1946,412,1735,1060"
test_public/001046.flac,"1775,1925,4762,2876,3329"
test_public/114712.flac,"4854,2453,1762,2095,360"
test_public/117968.flac,"3850,4278,3986,3148,4084"
test_public/008497.flac,"2345,4564,2207,4196,2694"
test_public/004570.flac,"1140,1917,3491,3394,2032"
test_public/116256.flac,"3279,4525,4872,970,2234"
test_public/021697.flac,"2791,2027,1406,585,2556"
test_public/031843.flac,"2083,664,3638,4007,4033"
test_public/129870.flac,"1603,3229,1925,586,4454"
test_public/125765.flac,"2665,879,2363,2253,3282"
test_public/114800.flac,"4947,414,1868,4556,2926"
test_public/128517.flac,"364,387,3552,1639,4039"
test_public/097499.flac,"990,1927,4039,2857,2725"
test_public/092213.flac,"1083,981,1154,138,3078"
test_public/036311.flac,"605,3332,3205,3505,2031"
test_public/096861.flac,"4808,4531,1224,496,2441"
test_public/011323.flac,"4074,2579,2395,4836,1365"
test_public/053468.flac,"79,2850,814,185,2183"
test_public/122089.flac,"4912,3950,2947,3820,4679"
test_public/056503.flac,"59,3576,4565,3355,1423"
test_public/065665.flac,"4599,4497,3251,4607,3279"
test_public/027564.flac,"1417,1748,543,518,1259"
test_public/128996.flac,"92,46,2500,795,3227"
test_public/046842.flac,"386,2013,522,2308,3022"
test_public/042375.flac,"770,4620,4957,899,1035"
test_public/117739.flac,"3355,1835,59,4127,1615"
test_public/090831.flac,"1081,728,4022,3633,2450"
test_public/121298.flac,"2660,3069,830,788,2106"
test_public/108593.flac,"3760,1532,3900,395,2245"
test_public/003665.flac,"4335,1046,1986,3188,1043"
test_public/060676.flac,"2582,3744,3602,4845,53"
test_public/026195.flac,"4310,3912,1780,1096,2637"
test_public/067213.flac,"3760,4241,3424,4109,3457"
test_public/051203.flac,"4030,810,2006,2352,3854"
test_public/011090.flac,"3526,757,3606,222,3064"
test_public/050177.flac,"3248,1896,1643,4506,3638"
test_public/029322.flac,"429,778,1167,3936,2158"
test_public/086808.flac,"3453,3629,886,3200,4004"
test_public/050401.flac,"4118,2285,4053,3964,2574"
test_public/053911.flac,"4641,1038,2066,562,621"
test_public/096860.flac,"372,4649,190,1945,498"
test_public/105474.flac,"1820,1481,3851,662,387"
test_public/098755.flac,"2584,2966,2080,4537,3794"
test_public/112349.flac,"1941,631,912,1332,1903"
test_public/016804.flac,"1681,2824,3707,3899,1283"
test_public/065646.flac,"2821,352,4380,3527,1732"
test_public/008355.flac,"315,908,1888,391,2438"
test_public/035037.flac,"1136,976,4025,356,935"
test_public/006853.flac,"1158,4855,3534,3861,4961"
test_public/107164.flac,"2117,3604,3592,2438,1244"
test_public/024402.flac,"3827,3332,2760,349,2209"
test_public/001042.flac,"530,3434,4903,3656,1269"
test_public/069392.flac,"3598,4793,2043,1057,2892"
test_public/072963.flac,"4278,4940,3891,964,3962"
test_public/085762.flac,"724,3718,2683,4072,3332"
test_public/053652.flac,"226,3889,1040,4094,1517"
test_public/035918.flac,"974,750,1711,3747,4831"
test_public/128502.flac,"1108,4655,794,3898,210"
test_public/013064.flac,"4934,4348,3964,2245,1529"
test_public/059512.flac,"1503,999,2191,4211,4523"
test_public/044740.flac,"3873,4686,3501,1511,1366"
test_public/084799.flac,"3574,679,531,4039,3058"
test_public/067217.flac,"4777,4034,3232,35,2525"
test_public/073662.flac,"3955,937,1750,1007,1124"
test_public/054753.flac,"4034,427,2708,4281,4709"
test_public/021458.flac,"4304,3255,2708,46,2352"
test_public/086642.flac,"3739,3124,4865,745,4200"
test_public/031103.flac,"1810,1211,4005,4306,2352"
test_public/065366.flac,"145,4165,2829,3136,487"
test_public/070622.flac,"3049,2546,4118,19,4520"
test_public/106801.flac,"3870,2542,3721,417,1704"
test_public/076069.flac,"143,2484,643,1591,4738"
test_public/120869.flac,"1325,4267,801,851,4042"
test_public/129987.flac,"1039,2254,1058,1223,963"
test_public/013794.flac,"4019,2409,2164,1467,1173"
test_public/002578.flac,"3592,2898,2010,2425,1614"
test_public/082575.flac,"4413,990,1436,642,2857"
test_public/092855.flac,"4294,3737,1370,1299,1641"
test_public/067439.flac,"3159,1603,586,2513,3504"
test_public/052875.flac,"4343,1735,3491,2431,1946"
test_public/100161.flac,"3596,320,4818,1983,3702"
test_public/037242.flac,"2764,1365,3213,1998,944"
test_public/126121.flac,"798,4664,1953,3426,1230"
test_public/133127.flac,"72,102,364,4384,3625"
test_public/134014.flac,"1593,4138,2324,4962,633"
test_public/026063.flac,"3521,1672,960,4977,1802"
test_public/014250.flac,"2814,2218,4199,2767,1009"
test_public/100773.flac,"2252,2167,3826,3638,2918"
test_public/033111.flac,"3685,529,3755,237,625"
test_public/086209.flac,"4088,1725,2746,3146,4403"
test_public/102837.flac,"4125,4720,2663,2905,3521"
test_public/131869.flac,"218,2192,3831,4684,2924"
test_public/113715.flac,"3115,4652,1921,306,4886"
test_public/020511.flac,"4132,4789,4289,1519,4400"
test_public/064686.flac,"3893,2568,743,388,4442"
test_public/045520.flac,"3290,1709,991,4142,62"
test_public/055068.flac,"3127,1875,4422,685,2112"
test_public/064742.flac,"4789,1444,3638,4765,256"
test_public/026137.flac,"880,4728,3732,651,2848"
test_public/097914.flac,"890,1677,3269,687,3974"
test_public/015153.flac,"3221,542,4940,3488,3754"
test_public/000509.flac,"1124,4732,4328,1059,1468"
test_public/071374.flac,"3655,3355,2425,1516,1006"
test_public/003865.flac,"3922,4392,2727,3378,2254"
test_public/122029.flac,"2667,2454,2590,2588,229"
test_public/027889.flac,"4027,2158,292,2649,2685"
test_public/119195.flac,"257,2281,1809,1551,2598"
test_public/047165.flac,"4234,437,4798,1612,3383"
test_public/132987.flac,"3200,4066,1836,2689,4825"
test_public/054883.flac,"2955,1176,2682,4456,3652"
test_public/093501.flac,"4506,2599,4398,960,158"
test_public/041971.flac,"696,3589,3083,1596,4852"
test_public/054284.flac,"1006,241,4360,4073,3323"
test_public/097680.flac,"2469,4812,4598,4675,2690"
test_public/063317.flac,"3268,889,547,2616,4029"
test_public/018401.flac,"2468,4373,2374,218,3693"
test_public/096594.flac,"921,2512,4309,1370,2836"
test_public/124460.flac,"3265,3940,2399,28,2978"
test_public/024152.flac,"3062,1390,890,2257,4784"
test_public/091723.flac,"320,2252,2067,3596,1698"
test_public/066641.flac,"4138,1200,4990,2871,1889"
test_public/076183.flac,"4041,3098,68,3524,1295"
test_public/083728.flac,"1681,1304,4375,869,153"
test_public/073786.flac,"1767,4684,4084,55,4254"
test_public/003663.flac,"848,4973,3113,4501,323"
test_public/134368.flac,"3525,3574,42,387,427"
test_public/000233.flac,"4220,4269,4462,800,64"
test_public/089130.flac,"2733,918,4765,4978,3662"
test_public/086705.flac,"3156,4525,2234,3907,1636"
test_public/041416.flac,"3828,857,1831,1849,3107"
test_public/112595.flac,"4731,4916,3936,2378,1003"
test_public/054546.flac,"879,2209,307,1404,4787"
test_public/053594.flac,"2547,4781,2126,939,3307"
test_public/098388.flac,"2365,632,101,1199,1846"
test_public/047852.flac,"2168,1240,806,4027,2038"
test_public/107471.flac,"2494,2775,489,1699,500"
test_public/091420.flac,"3709,3176,1188,3170,59"
test_public/070959.flac,"4163,2794,26,1037,1065"
test_public/052632.flac,"2732,28,463,4035,1002"
test_public/108444.flac,"3246,4234,991,1612,2772"
test_public/110225.flac,"2136,4420,852,2362,99"
test_public/059472.flac,"4229,4253,1669,385,1443"
test_public/037536.flac,"1710,4275,3766,4332,728"
test_public/121723.flac,"2229,996,3238,144,460"
test_public/078976.flac,"1055,225,4419,2047,1570"
test_public/000942.flac,"520,3688,3174,1465,293"
test_public/073003.flac,"1436,832,1037,795,4847"
test_public/046411.flac,"3616,4611,3353,1970,2755"
test_public/124880.flac,"4299,448,2719,1320,3028"
test_public/088671.flac,"295,850,479,1797,2916"
test_public/034919.flac,"2205,18,1307,4576,21"
test_public/118069.flac,"320,415,3838,1191,962"
test_public/083588.flac,"1583,2519,4976,1052,3596"
test_public/022972.flac,"2207,4502,2227,4242,1443"
test_public/022829.flac,"1687,2244,2921,2260,4146"
test_public/092068.flac,"1459,3068,2667,2302,3233"
test_public/067625.flac,"2032,1189,108,1491,1840"
test_public/072914.flac,"1387,1868,4947,2112,1040"
test_public/119167.flac,"939,134,4189,2244,609"
test_public/129130.flac,"1034,3614,4780,4140,3606"
test_public/127369.flac,"4767,101,1061,624,1306"
test_public/128036.flac,"4823,1942,3531,1525,808"
test_public/039873.flac,"1416,1527,3773,4687,313"
test_public/054289.flac,"2724,1442,4304,4920,1099"
test_public/048633.flac,"3934,820,3317,148,1968"
test_public/072543.flac,"1382,3977,757,995,941"
test_public/046739.flac,"4729,2272,1264,4549,142"
test_public/058004.flac,"340,2496,4023,3763,1175"
test_public/051874.flac,"929,624,3921,4591,1338"
test_public/085858.flac,"802,2921,3669,574,1254"
test_public/091678.flac,"2563,3183,4241,1784,2618"
test_public/112379.flac,"561,844,4810,904,3755"
test_public/000423.flac,"4448,3985,2284,1066,1808"
test_public/130399.flac,"1012,152,1481,2551,437"
test_public/040391.flac,"467,1945,1262,331,2262"
test_public/118224.flac,"1986,4779,3188,4740,1774"
test_public/042886.flac,"4361,1017,1896,1352,4105"
test_public/091354.flac,"3836,269,1883,3127,4969"
test_public/086786.flac,"324,3689,1968,961,2329"
test_public/006850.flac,"2537,3936,1276,2574,3964"
test_public/085958.flac,"4933,1537,2514,4969,1667"
test_public/085368.flac,"724,3915,400,3205,2586"
test_public/017532.flac,"598,3264,801,4364,3644"
test_public/089511.flac,"802,1759,2921,574,302"
test_public/132022.flac,"4542,3428,2984,1858,3722"
test_public/023908.flac,"3614,3606,2059,177,4564"
test_public/001981.flac,"595,3735,72,293,160"
test_public/106354.flac,"2614,2241,2938,1395,3390"
test_public/019895.flac,"4426,3262,2435,2482,2580"
test_public/099016.flac,"3645,2483,2043,858,1339"
test_public/108081.flac,"2758,291,2172,4484,1794"
test_public/104915.flac,"815,2091,4029,1437,3262"
test_public/129315.flac,"3675,1603,2302,295,176"
test_public/036113.flac,"2506,229,4304,2352,2006"
test_public/124391.flac,"947,8,3461,2405,4455"
test_public/077253.flac,"3982,2849,4037,1956,3939"
test_public/077572.flac,"2334,1768,4011,697,756"
test_public/123358.flac,"4750,2149,2674,4107,4617"
test_public/002900.flac,"376,3427,4290,2104,2106"
test_public/056391.flac,"4667,2585,4447,4475,4175"
test_public/102914.flac,"167,1255,568,4646,1007"
test_public/105895.flac,"2441,3915,2242,1031,2498"
test_public/028061.flac,"4084,996,793,402,1686"
test_public/107042.flac,"4041,4039,1335,2585,679"
test_public/124850.flac,"3176,3253,3709,59,2425"
test_public/123414.flac,"766,1283,1580,3655,3707"
test_public/077329.flac,"735,383,1278,85,2333"
test_public/033574.flac,"2810,4022,776,2545,1118"
test_public/013131.flac,"760,1073,3554,613,2301"
test_public/123685.flac,"3868,2760,2899,2206,4268"
test_public/071129.flac,"386,1037,3174,2013,3955"
test_public/023483.flac,"4993,2072,931,1905,2180"
test_public/029792.flac,"3638,2557,4748,60,3158"
test_public/098739.flac,"4021,468,627,1062,1026"
test_public/103288.flac,"2746,1140,3146,3155,675"
test_public/017825.flac,"4057,3944,1419,4700,957"
test_public/133719.flac,"1193,1681,1164,1989,4453"
test_public/121186.flac,"170,2005,4019,4657,4711"
test_public/119577.flac,"3440,481,574,2087,4918"
test_public/109619.flac,"2066,847,3449,2806,3263"
test_public/053743.flac,"1450,3163,379,334,2008"
test_public/103469.flac,"4988,3463,3749,4124,2049"
test_public/111530.flac,"2832,1078,1547,777,3529"
test_public/099093.flac,"487,4156,2055,3484,1700"
test_public/004573.flac,"2579,1350,1739,1007,2762"
test_public/014795.flac,"1875,4618,2112,2488,3247"
test_public/009530.flac,"3429,4068,2315,3397,3522"
test_public/024968.flac,"3013,4921,3580,1741,4591"
test_public/030183.flac,"4324,3446,4137,2237,2978"
test_public/097339.flac,"3915,4897,215,652,4550"
test_public/089013.flac,"2848,1167,3657,1348,2147"
test_public/067613.flac,"1290,1534,1159,1138,2907"
test_public/002696.flac,"4234,3803,3258,4018,1564"
test_public/124144.flac,"981,3607,1939,4225,3613"
test_public/021812.flac,"136,4600,2934,2997,2680"
test_public/104364.flac,"3824,134,2282,2836,3037"
test_public/129923.flac,"278,1203,3692,4039,3999"
test_public/092103.flac,"1600,728,803,79,1021"
test_public/057692.flac,"2262,3970,268,4592,43"
test_public/117910.flac,"4284,2241,2614,3338,3568"
test_public/118398.flac,"2528,3037,1264,4396,2495"
test_public/019328.flac,"433,4572,957,4154,4601"
test_public/054353.flac,"4990,1889,1903,756,4852"
test_public/075162.flac,"4026,3491,3155,1185,2559"
test_public/079203.flac,"3682,507,1803,3551,1180"
test_public/000539.flac,"3307,2278,187,2789,4454"
test_public/002653.flac,"2024,1590,43,1203,2827"
test_public/123475.flac,"4314,2522,3819,743,760"
test_public/013570.flac,"4502,2365,2535,3575,4242"
test_public/030859.flac,"3026,670,89,3865,267"
test_public/049027.flac,"910,2183,79,3979,3525"
test_public/112880.flac,"4737,287,1457,4350,452"
test_public/067818.flac,"2515,1243,497,2535,3474"
test_public/073649.flac,"4725,3434,1580,1740,2510"
test_public/004353.flac,"2206,1599,4890,2760,536"
test_public/095414.flac,"4787,4429,2282,2701,554"
test_public/008914.flac,"3508,577,534,1265,1923"
test_public/029932.flac,"2425,2761,538,1670,2742"
test_public/096486.flac,"3727,1228,4643,4806,4618"
test_public/032535.flac,"1781,1310,7,4044,125"
test_public/018681.flac,"3685,703,4017,1749,4100"
test_public/049798.flac,"1100,1172,190,2116,4615"
test_public/035657.flac,"2807,1458,4685,1885,2964"
test_public/014662.flac,"1125,4462,4723,2921,1273"
test_public/005716.flac,"1557,719,2188,3685,2195"
test_public/055645.flac,"4099,1063,1779,4433,3578"
test_public/095585.flac,"4463,282,3940,2634,2516"
test_public/054688.flac,"2452,35,4777,1393,944"
test_public/022631.flac,"2636,3557,4927,2991,4933"
test_public/056400.flac,"285,3085,4750,4714,1699"
test_public/020128.flac,"1294,1707,3751,2767,1105"
test_public/024059.flac,"1954,3014,2190,1995,2614"
test_public/030400.flac,"1569,1856,3738,320,2353"
test_public/114303.flac,"2869,3183,1230,4241,866"
test_public/045999.flac,"4122,1203,1119,954,272"
test_public/123007.flac,"982,3971,596,687,679"
test_public/005986.flac,"4400,2104,1336,3349,4481"
test_public/009781.flac,"3335,2308,2677,1858,985"
test_public/115775.flac,"3377,434,4333,2024,3397"
test_public/034538.flac,"217,3855,1514,398,698"
test_public/090552.flac,"2597,3060,2461,3940,1453"
test_public/055143.flac,"3663,2683,52,53,2304"
test_public/045768.flac,"3570,494,2900,1940,262"
test_public/037597.flac,"3510,3202,1740,530,930"
test_public/100285.flac,"2253,1198,3496,240,4549"
test_public/039511.flac,"113,103,4362,3615,1746"
test_public/005101.flac,"4791,2765,210,1804,2763"
test_public/024866.flac,"3022,2013,387,1217,3174"
test_public/015261.flac,"2399,912,3940,282,3083"
test_public/033977.flac,"3369,2087,4918,574,481"
test_public/131256.flac,"4561,4294,2349,2465,2512"
test_public/112426.flac,"1298,4922,3055,2295,4685"
test_public/088150.flac,"2504,3801,584,306,70"
test_public/043622.flac,"2689,3912,2246,575,2806"
test_public/079405.flac,"2038,4027,3651,3715,1674"
test_public/075385.flac,"632,770,2190,1338,624"
test_public/004008.flac,"2528,2278,3095,3452,3704"
test_public/044256.flac,"3897,2863,2502,1529,667"
test_public/032482.flac,"2529,4412,1046,3697,1106"
test_public/108870.flac,"2302,4388,2454,1759,3758"
test_public/085319.flac,"355,3651,1344,769,1043"
test_public/053031.flac,"1746,4878,3052,2385,4634"
test_public/131912.flac,"1136,356,1738,3651,935"
test_public/112789.flac,"822,949,730,4401,2805"
test_public/062356.flac,"203,4447,4367,854,103"
test_public/086063.flac,"4662,144,4159,3490,2083"
test_public/019588.flac,"3183,4333,75,3760,2569"
test_public/001083.flac,"1199,290,2125,3986,382"
test_public/091856.flac,"2852,1444,3768,1984,1675"
test_public/021018.flac,"4001,1209,1185,3394,2362"
test_public/014895.flac,"8,2337,506,86,3793"
test_public/012309.flac,"1691,4415,60,2642,2845"
test_public/054239.flac,"1534,4274,1063,3372,3676"
test_public/042736.flac,"3013,1342,98,4669,4183"
test_public/059447.flac,"3534,4876,763,3911,1012"
test_public/071221.flac,"3774,1008,4491,1899,2318"
test_public/052645.flac,"3626,1889,4094,4138,3834"
test_public/051826.flac,"2251,2750,4474,56,3176"
test_public/040746.flac,"3811,1126,4056,1521,685"
test_public/009320.flac,"1098,528,3221,2360,757"
test_public/032306.flac,"2769,1896,3850,594,761"
test_public/049880.flac,"1204,1003,303,3935,691"
test_public/006179.flac,"2033,4596,3663,4047,4297"
test_public/086975.flac,"4037,4534,686,4684,4254"
test_public/023576.flac,"2272,2332,4184,3386,3932"
test_public/007227.flac,"1878,2739,4387,686,17"
test_public/030875.flac,"1991,1199,306,1139,3049"
test_public/078040.flac,"281,1751,3722,2725,2024"
test_public/127909.flac,"2894,378,2701,52,3205"
test_public/127191.flac,"484,2356,3506,3488,3149"
test_public/061961.flac,"2211,3361,1666,3002,293"
test_public/073081.flac,"1184,1795,429,801,4887"
test_public/013732.flac,"28,987,3248,3153,2083"
test_public/044107.flac,"547,3374,487,918,3992"
test_public/117465.flac,"879,544,4201,554,1523"
test_public/115166.flac,"4989,1160,3841,2169,2027"
test_public/067726.flac,"3158,4007,1580,3820,2083"
test_public/046403.flac,"2777,964,3204,3251,4749"
test_public/127094.flac,"849,4762,2512,108,2302"
test_public/078616.flac,"166,518,1052,19,3965"
test_public/014518.flac,"3394,3155,4026,2559,4343"
test_public/105753.flac,"3119,3108,2349,1661,2956"
test_public/055878.flac,"4789,117,2220,4998,621"
test_public/043371.flac,"4897,749,3080,2502,4872"
test_public/003379.flac,"1537,4852,2514,2091,3262"
test_public/090356.flac,"442,2720,2280,3435,4469"
test_public/129056.flac,"267,3537,1464,869,670"
test_public/059360.flac,"847,516,3003,4543,3714"
test_public/097616.flac,"2004,2077,994,3465,3524"
test_public/130523.flac,"4650,2563,937,180,3625"
test_public/003034.flac,"4686,1366,4668,4549,3030"
test_public/084603.flac,"3692,1493,4083,2760,739"
test_public/031823.flac,"4895,3247,1324,3610,3127"
test_public/121706.flac,"1925,3229,4454,1603,635"
test_public/021948.flac,"3663,4072,3332,749,3080"
test_public/021102.flac,"706,3620,1721,1547,673"
test_public/037952.flac,"2125,4878,2149,1635,2674"
test_public/001180.flac,"534,341,3407,1265,1599"
test_public/092205.flac,"3061,454,665,784,996"
test_public/055825.flac,"2992,4903,3434,4609,4179"
test_public/035725.flac,"3522,1023,281,4876,2569"
test_public/008896.flac,"1692,3689,4319,1919,3732"
test_public/099436.flac,"2857,2551,2205,1750,64"
test_public/092669.flac,"1433,1158,100,1119,3058"
test_public/100688.flac,"3034,1435,48,4078,4816"
test_public/027986.flac,"4609,4415,4406,828,3961"
test_public/087470.flac,"818,1903,1332,3841,2384"
test_public/014014.flac,"534,3742,2861,4128,842"
test_public/084878.flac,"189,3455,3659,767,1576"
test_public/125448.flac,"4366,1867,4838,783,141"
test_public/114025.flac,"4977,2106,1547,3662,2287"
test_public/076348.flac,"3511,1023,281,2569,4876"
test_public/115768.flac,"3371,2703,3230,3798,510"
test_public/070838.flac,"75,4041,4825,1506,3455"
test_public/087660.flac,"1347,3766,2771,4440,79"
test_public/017395.flac,"222,3606,1839,4534,4564"
test_public/108406.flac,"2057,212,3196,4283,4490"
test_public/069778.flac,"185,2253,1143,2062,749"
test_public/065238.flac,"1183,373,4278,3962,4019"
test_public/057696.flac,"1668,4529,692,3372,2048"
test_public/070317.flac,"3312,3939,1525,250,4694"
test_public/042223.flac,"4539,2376,3676,3463,1534"
test_public/009049.flac,"327,2069,4131,2644,1630"
test_public/070766.flac,"1012,4961,1590,2024,4876"
test_public/002642.flac,"284,3181,2546,71,1784"
test_public/069461.flac,"2134,1729,121,805,4157"
test_public/050311.flac,"3497,267,2007,869,4993"
test_public/044962.flac,"306,1987,2597,3243,761"
test_public/004547.flac,"1395,2614,828,2058,4230"
test_public/087605.flac,"4193,2688,124,2761,681"
test_public/100404.flac,"3111,1310,4932,2672,942"
test_public/089623.flac,"4844,319,2444,830,4571"
test_public/041139.flac,"2092,4712,2934,2391,3226"
test_public/073393.flac,"1797,840,879,3406,2789"
test_public/107952.flac,"2184,475,1777,4624,441"
test_public/049384.flac,"4632,2682,3748,3028,3601"
test_public/101550.flac,"54,1057,4896,3645,3071"
test_public/095079.flac,"69,4834,906,814,79"
test_public/080373.flac,"473,773,4684,497,3606"
test_public/123360.flac,"3007,181,2558,404,3566"
test_public/013139.flac,"1070,2941,2354,3395,4944"
test_public/034244.flac,"4576,2857,641,364,809"
test_public/066259.flac,"2482,4933,846,4426,4528"
test_public/004821.flac,"1418,3008,91,2756,2522"
test_public/063078.flac,"4650,2730,2418,3955,2878"
test_public/088814.flac,"4805,1570,4606,1281,2128"
test_public/031869.flac,"2303,4360,2477,2636,3003"
test_public/129471.flac,"3893,102,4916,379,92"
test_public/010256.flac,"290,2599,1361,166,4337"
test_public/071513.flac,"278,3387,1481,3313,3174"
test_public/043687.flac,"4537,102,364,4949,3810"
test_public/047193.flac,"4599,4497,440,4283,3658"
test_public/001000.flac,"789,2884,1146,2010,3226"
test_public/020598.flac,"2152,840,40,4724,3915"
test_public/020171.flac,"0,1419,3040,119,2051"
test_public/001691.flac,"306,4481,1445,404,3801"
test_public/126699.flac,"3111,2672,1305,90,3856"
test_public/105286.flac,"1572,2241,513,2672,4993"
test_public/131708.flac,"1543,1296,2214,898,4977"
test_public/002497.flac,"4029,1856,2226,420,815"
test_public/006033.flac,"1052,1994,1623,2787,1005"
test_public/070076.flac,"82,4627,1738,2650,2974"
test_public/096847.flac,"4390,157,953,530,758"
test_public/015283.flac,"3212,4039,3276,2171,312"
test_public/000516.flac,"2365,90,2064,1409,4522"
test_public/085126.flac,"935,4033,1000,664,1051"
test_public/062883.flac,"2394,4680,4776,443,676"
test_public/126681.flac,"3416,1063,3634,2861,4003"
test_public/097277.flac,"4956,2780,4382,3386,1963"
test_public/048646.flac,"320,2353,3423,1531,740"
test_public/057099.flac,"781,1183,328,2542,4743"
test_public/107598.flac,"2277,890,2131,2403,668"
test_public/096428.flac,"3949,3378,3629,4903,3054"
test_public/101338.flac,"1400,1955,4079,1914,2709"
test_public/088506.flac,"4837,3812,3961,4202,2425"
test_public/036630.flac,"4449,661,2931,2580,4038"
test_public/095106.flac,"4802,2746,2673,2848,4294"
test_public/098638.flac,"3936,2158,3964,1706,937"
test_public/019331.flac,"3262,3083,696,3393,1841"
test_public/020265.flac,"4051,1114,4551,3090,1676"
test_public/095755.flac,"4776,642,4327,676,1379"
test_public/047680.flac,"3604,2117,1738,1908,3226"
test_public/125950.flac,"4216,75,4590,4276,4519"
test_public/053003.flac,"4680,4576,2205,4072,1049"
test_public/004916.flac,"2265,3879,4772,4073,1425"
test_public/056489.flac,"320,282,1983,3940,1380"
test_public/019300.flac,"633,4755,911,585,3841"
test_public/095930.flac,"3203,1057,2043,2892,564"
test_public/007455.flac,"2657,3054,638,4838,1857"
test_public/030577.flac,"2539,1111,547,1865,2858"
test_public/118637.flac,"306,4903,448,2381,4886"
test_public/047241.flac,"3630,600,2385,4714,2582"
test_public/022462.flac,"3940,4698,2409,4204,2634"
test_public/040526.flac,"3592,1738,3200,1918,1614"
test_public/052305.flac,"26,386,3174,687,968"
test_public/123718.flac,"4278,4136,3614,1248,1183"
test_public/036192.flac,"981,3301,215,3384,1154"
test_public/053095.flac,"4417,12,1686,4712,3768"
test_public/017130.flac,"395,3760,4258,2187,3900"
test_public/080501.flac,"3743,3503,4751,563,1875"
test_public/102486.flac,"1546,2913,3717,4031,1268"
test_public/112492.flac,"4635,1621,3961,1017,3812"
test_public/092691.flac,"4236,3078,1196,3301,3607"
test_public/060967.flac,"4564,3606,4084,4684,4254"
test_public/058349.flac,"645,380,194,4176,4676"
test_public/084034.flac,"3298,3346,4465,1341,653"
test_public/048904.flac,"2006,1432,3854,3098,4128"
test_public/105833.flac,"1645,2496,4700,3982,1034"
test_public/086401.flac,"4902,4858,4627,1169,1521"
test_public/015690.flac,"1547,3529,2128,673,3768"
test_public/102419.flac,"4196,503,996,4690,4380"
test_public/048443.flac,"4219,3001,1581,2911,49"
test_public/108755.flac,"909,3092,55,1168,3919"
test_public/126723.flac,"2458,4384,1081,3473,3173"
test_public/128664.flac,"2579,1706,937,1998,4000"
test_public/134069.flac,"3674,3467,4038,4990,4930"
test_public/041415.flac,"3754,440,4716,1973,1168"
test_public/113787.flac,"4829,2741,4845,3181,3027"
test_public/020804.flac,"1857,2657,4025,356,3864"
test_public/040501.flac,"3602,194,2582,600,4714"
test_public/055465.flac,"1216,2512,981,1770,419"
test_public/057092.flac,"1502,2490,841,632,1191"
test_public/127423.flac,"343,3929,54,1081,4863"
test_public/043577.flac,"2861,4745,3578,3960,1964"
test_public/083730.flac,"4305,227,506,3701,200"
test_public/129278.flac,"2533,195,2111,1866,1922"
test_public/062732.flac,"2921,4494,3334,526,4405"
test_public/096117.flac,"1378,3363,3158,1885,2644"
test_public/037362.flac,"2069,3130,1458,751,4131"
test_public/027341.flac,"3995,612,1336,4331,2851"
test_public/121597.flac,"3790,843,268,75,3928"
test_public/105487.flac,"1994,1885,4007,1691,4748"
test_public/035046.flac,"1946,2551,2857,2147,1705"
test_public/070438.flac,"3333,2226,2298,1714,3709"
test_public/126894.flac,"2154,3340,492,3929,3633"
test_public/033982.flac,"306,1897,4409,16,3825"
test_public/084578.flac,"4064,2342,1776,4398,1856"
test_public/070514.flac,"1215,291,3091,2698,3785"
test_public/036457.flac,"2875,4595,1935,1965,359"
test_public/104632.flac,"347,841,3763,2336,3830"
test_public/089379.flac,"1136,3445,836,72,1706"
test_public/061212.flac,"3937,2691,4875,1192,3848"
test_public/016996.flac,"4288,4547,3937,1670,4434"
test_public/111695.flac,"4977,456,3225,373,4217"
test_public/027172.flac,"3253,1283,1516,2425,1984"
test_public/125087.flac,"156,987,3202,1740,2995"
test_public/094618.flac,"1100,1919,1930,1294,3790"
test_public/084294.flac,"234,4599,4716,4702,3067"
test_public/006459.flac,"1688,3591,1526,94,3150"
test_public/097025.flac,"3736,890,464,3525,2979"
test_public/076588.flac,"2529,3048,4331,4597,3006"
test_public/075916.flac,"4290,960,1336,1191,4799"
test_public/018552.flac,"102,2205,4576,2857,3102"
test_public/074208.flac,"1902,1538,2745,2213,564"
test_public/005606.flac,"274,89,4738,4291,3983"
test_public/090756.flac,"3731,4554,2128,3506,3480"
test_public/009768.flac,"2529,3308,869,1524,1115"
test_public/011920.flac,"920,2673,565,635,2760"
test_public/079799.flac,"574,3320,2980,3192,2087"
test_public/044548.flac,"4120,153,3152,4259,2821"
test_public/134580.flac,"875,1305,2399,394,2657"
test_public/061088.flac,"2953,4083,2897,3757,523"
test_public/041918.flac,"4171,272,1967,182,120"
test_public/069009.flac,"3626,1453,4023,4661,547"
test_public/010097.flac,"1493,3046,536,1114,3904"
test_public/013924.flac,"2502,2376,4309,665,996"
test_public/046824.flac,"1674,404,4406,4007,3487"
test_public/082479.flac,"829,4676,1358,261,1891"
test_public/106423.flac,"1606,1574,2047,4049,1570"
test_public/128493.flac,"1295,4281,35,2708,361"
test_public/124857.flac,"1391,1917,4051,3240,1189"
test_public/089308.flac,"1182,2900,3094,3395,2886"
test_public/023021.flac,"2147,4576,3594,2673,3552"
test_public/047802.flac,"4529,4051,1649,4551,2173"
test_public/124548.flac,"1774,1702,2188,703,432"
test_public/063427.flac,"2793,53,4757,2803,2568"
test_public/086557.flac,"694,2362,2392,40,4872"
test_public/110061.flac,"1913,641,3552,4882,1735"
test_public/059513.flac,"1919,2329,1582,4724,3732"
test_public/130301.flac,"2043,2243,1607,3598,4109"
test_public/129276.flac,"2066,4407,1259,4591,4812"
test_public/047760.flac,"3502,4083,1656,739,3387"
test_public/092380.flac,"543,2533,1039,929,128"
test_public/131475.flac,"229,4265,3163,1990,2432"
test_public/007069.flac,"2240,2257,464,2457,2277"
test_public/044981.flac,"2242,1181,792,223,3332"
test_public/120813.flac,"1338,816,4371,755,1106"
test_public/046715.flac,"4326,4296,1124,2537,937"
test_public/052267.flac,"4360,1898,844,4055,2303"
test_public/057045.flac,"4627,3719,2964,3572,2691"
test_public/125705.flac,"8,4589,3635,4305,2479"
test_public/107509.flac,"4824,4818,3113,1870,1929"
test_public/133471.flac,"3756,808,4534,4445,3526"
test_public/083930.flac,"2278,554,378,400,442"
test_public/078999.flac,"671,2838,3951,4564,3831"
test_public/095699.flac,"539,4640,2664,3799,1763"
test_public/071586.flac,"1580,1283,3899,1363,4765"
test_public/081379.flac,"970,75,120,2505,1023"
test_public/071920.flac,"276,1352,3355,917,2824"
test_public/039691.flac,"1126,3791,1521,3111,2672"
test_public/008781.flac,"3717,1886,962,1150,2833"
test_public/043128.flac,"4920,1850,1737,3760,1497"
test_public/031701.flac,"2988,353,4775,2835,1906"
test_public/039112.flac,"4543,2813,3498,847,3127"
test_public/095770.flac,"4027,3285,292,2168,3445"
test_public/103932.flac,"220,3553,3841,2663,2204"
test_public/046528.flac,"885,2648,3711,604,4505"
test_public/019730.flac,"3205,2760,1725,2880,724"
test_public/033570.flac,"2955,4014,3003,2082,2691"
test_public/007805.flac,"2413,1892,2629,1510,2227"
test_public/061519.flac,"1704,3221,4599,440,3870"
test_public/116145.flac,"2013,2725,3970,4039,387"
test_public/094735.flac,"1910,4526,123,1505,3411"
test_public/078252.flac,"1413,2127,2304,2894,1371"
test_public/113448.flac,"2871,48,4852,3553,3194"
test_public/036454.flac,"3015,2803,4696,2796,195"
test_public/061850.flac,"4629,2821,735,2388,49"
test_public/088700.flac,"3636,195,1726,352,1288"
test_public/105027.flac,"1539,2593,307,1177,820"
test_public/029187.flac,"4359,1227,2381,4921,199"
test_public/109972.flac,"3666,1933,2832,545,1645"
test_public/092410.flac,"880,437,1998,1125,3249"
test_public/110707.flac,"1587,4484,393,4134,2172"
test_public/047337.flac,"3847,4626,4868,1732,1161"
test_public/027496.flac,"293,834,1465,3337,4537"
test_public/024209.flac,"3660,2988,890,2979,4440"
test_public/028249.flac,"2780,2273,2272,2489,1421"
test_public/113310.flac,"3423,4879,654,1569,917"
test_public/017257.flac,"3217,3124,4865,745,1387"
test_public/069277.flac,"1935,3942,4073,1002,1643"
test_public/086984.flac,"4423,543,1417,1463,3863"
test_public/106870.flac,"4781,349,4128,4432,3518"
test_public/044250.flac,"973,3610,2466,1128,4895"
test_public/011186.flac,"4024,200,698,1496,1699"
test_public/031074.flac,"3120,639,2907,1293,7"
test_public/034044.flac,"4739,2115,4311,2951,2579"
test_public/094485.flac,"1486,778,2326,2560,1711"
test_public/020881.flac,"2682,199,3546,732,428"
test_public/022576.flac,"4175,3031,4825,4395,4730"
test_public/097403.flac,"4364,4398,548,4685,1180"
test_public/050641.flac,"1120,1226,2379,4273,3970"
test_public/125506.flac,"3892,3068,2525,3213,1843"
test_public/042821.flac,"2694,3939,4113,4048,453"
test_public/054298.flac,"4721,367,3120,3627,540"
test_public/029924.flac,"1698,3144,3322,4959,561"
test_public/102307.flac,"3703,1586,3064,3939,2408"
test_public/043330.flac,"4083,3692,2866,739,3090"
test_public/057168.flac,"2454,1937,2588,3255,2590"
test_public/050728.flac,"4481,4023,4289,1664,2496"
test_public/024332.flac,"3179,3183,3990,4109,3609"
test_public/083243.flac,"151,2162,1365,2099,4728"
test_public/046989.flac,"2977,214,329,3196,2613"
test_public/125954.flac,"340,2409,1055,2496,4380"
test_public/033004.flac,"2542,3529,373,1183,145"
test_public/063641.flac,"4530,2945,2793,1023,2679"
test_public/020972.flac,"4276,4086,3525,2771,3736"
test_public/014977.flac,"2387,2888,4866,4529,3736"
test_public/133299.flac,"1835,1816,4253,1547,4630"
test_public/063453.flac,"4999,3139,3844,103,4963"
test_public/089617.flac,"2946,3091,3993,3012,2247"
test_public/005737.flac,"468,4103,4680,3979,3285"
test_public/075501.flac,"1856,4598,2995,157,1653"
test_public/039518.flac,"1527,1416,3313,1552,1026"
test_public/070694.flac,"3760,2748,2060,3466,1315"
test_public/071336.flac,"209,3890,1289,2019,488"
test_public/091523.flac,"3148,4136,2192,3606,4564"
test_public/004238.flac,"282,1530,4350,1058,3596"
test_public/055458.flac,"158,4583,863,2843,2775"
test_public/054683.flac,"2087,2970,2921,268,3669"
test_public/134648.flac,"4986,2244,4866,4461,4633"
test_public/082746.flac,"1508,2827,434,3314,1158"
test_public/114161.flac,"1984,1742,1516,4635,2837"
test_public/047672.flac,"4562,598,4966,230,734"
test_public/104552.flac,"786,592,2746,1162,1565"
test_public/087433.flac,"1215,3091,291,3961,4547"
test_public/056887.flac,"683,404,1319,3303,460"
test_public/049285.flac,"1954,4042,1306,4230,2156"
test_public/080162.flac,"851,3983,2602,3863,1199"
test_public/068672.flac,"1609,3113,4289,3638,2957"
test_public/081421.flac,"763,1125,2162,2307,1750"
test_public/039181.flac,"697,1768,1873,3710,2334"
test_public/118253.flac,"1209,1185,2559,4759,2248"
test_public/058915.flac,"8,3635,3701,506,4024"
test_public/097986.flac,"2205,3227,2857,990,1060"
test_public/060209.flac,"150,105,939,421,4381"
test_public/132991.flac,"188,4040,4918,4633,4411"
test_public/009337.flac,"4703,2540,4008,666,4650"
test_public/131932.flac,"3552,1468,4798,4269,2965"
test_public/125030.flac,"4640,2480,4181,2564,1881"
test_public/029824.flac,"3819,3662,1747,3189,2769"
test_public/108733.flac,"4789,761,4218,4481,1885"
test_public/039294.flac,"4312,159,2558,3007,2704"
test_public/076164.flac,"1612,4234,3383,3258,2667"
test_public/118302.flac,"1569,1856,3423,4168,415"
test_public/014734.flac,"3123,954,3163,990,763"
test_public/109694.flac,"927,1845,2473,251,416"
test_public/084974.flac,"3827,4072,99,3101,3329"
test_public/010638.flac,"4947,1178,3400,1580,4134"
test_public/006982.flac,"3029,2392,1327,1554,4518"
test_public/067811.flac,"4859,975,4352,2115,1750"
test_public/076898.flac,"1324,3469,1169,783,1126"
test_public/025410.flac,"4837,2118,4257,4361,3612"
test_public/041522.flac,"424,3155,4466,2662,2371"
test_public/044917.flac,"606,2228,1793,779,1172"
test_public/010862.flac,"116,1940,1052,518,2920"
test_public/017433.flac,"4562,4401,1242,638,1747"
test_public/035954.flac,"493,4584,1896,775,4833"
test_public/123365.flac,"3061,984,2292,2881,1741"
test_public/001797.flac,"4669,3800,2399,2634,1530"
test_public/004513.flac,"3487,2083,4227,3158,1580"
test_public/043456.flac,"383,4350,1667,3841,2830"
test_public/079234.flac,"1657,256,877,4612,3077"
test_public/127272.flac,"4327,3591,2712,2017,2575"
test_public/091311.flac,"3386,3037,4184,1267,2956"
test_public/036987.flac,"1453,3060,1769,1018,4137"
test_public/002280.flac,"1691,3238,3638,3596,2644"
test_public/086840.flac,"400,3205,3201,536,3675"
test_public/068674.flac,"3280,3107,1831,4100,1849"
test_public/025250.flac,"4995,643,518,1234,450"
test_public/110087.flac,"3973,2104,1555,1502,3349"
test_public/071279.flac,"4058,4684,3153,2605,4080"
test_public/022783.flac,"4674,1103,971,341,3706"
test_public/120797.flac,"371,2023,1124,2537,2803"
test_public/038190.flac,"4458,3152,2871,2009,633"
test_public/124589.flac,"359,2420,2388,2875,4595"
test_public/093351.flac,"3328,269,4422,1883,3247"
test_public/027320.flac,"2045,2502,4718,2392,52"
test_public/058692.flac,"415,1613,3113,3302,4084"
test_public/101587.flac,"3201,896,559,4897,3915"
test_public/105947.flac,"4102,54,2154,858,4885"
test_public/052691.flac,"4648,2399,4933,1332,3417"
test_public/097686.flac,"416,1051,4291,4064,1058"
test_public/002254.flac,"913,2962,2341,881,4822"
test_public/009417.flac,"3047,3769,4999,2894,4880"
test_public/108644.flac,"1725,2891,3915,1100,3095"
test_public/035524.flac,"2405,8,227,4305,1720"
test_public/036526.flac,"4868,3148,4136,4113,3776"
test_public/035339.flac,"1355,286,4345,2691,4833"
test_public/053064.flac,"4269,4982,249,4030,427"
test_public/099554.flac,"497,4253,3153,996,4470"
test_public/126064.flac,"1347,708,4275,4440,2013"
test_public/052198.flac,"687,1347,1914,3971,2667"
test_public/085390.flac,"702,1726,4269,3143,4655"
test_public/053739.flac,"2006,427,4030,3617,3945"
test_public/035260.flac,"4750,3948,3011,4024,1311"
test_public/034030.flac,"1229,2104,3072,376,1326"
test_public/089910.flac,"923,2662,2273,3807,1511"
test_public/024537.flac,"1635,2674,2125,863,4482"
test_public/034173.flac,"2882,3296,413,2289,1578"
test_public/112073.flac,"1302,1892,4952,686,417"
test_public/121239.flac,"1390,4068,4351,970,3199"
test_public/130600.flac,"663,2463,1066,888,4788"
test_public/013406.flac,"543,1417,2578,1463,1058"
test_public/071112.flac,"620,4070,3629,2149,4054"
test_public/107610.flac,"1740,28,2285,2611,3819"
test_public/050479.flac,"1153,3974,3068,975,2525"
test_public/061789.flac,"2365,1555,3642,4400,3864"
test_public/052366.flac,"1492,3360,1758,2302,295"
test_public/113808.flac,"1830,3060,4534,4684,960"
test_public/111237.flac,"1704,417,440,3221,2296"
test_public/037808.flac,"1913,4000,1659,102,2492"
test_public/065367.flac,"4825,2277,3643,20,34"
test_public/020048.flac,"3211,3386,442,3501,1366"
test_public/043673.flac,"4957,2807,2964,2657,1519"
test_public/120940.flac,"2658,1984,756,1372,3347"
test_public/059058.flac,"1920,49,518,166,1"
test_public/020628.flac,"629,2038,1915,1167,4433"
test_public/086736.flac,"3142,735,256,4064,2571"
test_public/096982.flac,"3595,4772,3093,234,3658"
test_public/097269.flac,"2749,1499,3356,1803,869"
test_public/030978.flac,"1690,4938,1766,2067,3270"
test_public/091642.flac,"867,4037,2838,2846,4564"
test_public/110938.flac,"4347,3638,3363,1171,3113"
test_public/048489.flac,"325,376,4195,1229,4617"
test_public/075708.flac,"3355,2824,950,1316,4883"
test_public/120937.flac,"3658,234,3149,2054,1473"
test_public/062130.flac,"1059,1735,1436,3150,2424"
test_public/112467.flac,"4417,121,1729,4116,2227"
test_public/059751.flac,"1316,3931,4159,3206,4865"
test_public/014087.flac,"1418,281,1297,1120,3511"
test_public/118951.flac,"4743,4278,2192,1555,3204"
test_public/083768.flac,"3068,3752,2525,4250,4882"
test_public/045524.flac,"388,2033,4916,1081,3558"
test_public/047571.flac,"4042,1306,2644,4785,518"
test_public/078752.flac,"2745,3139,457,4002,1105"
test_public/132246.flac,"4128,2311,3854,3695,2006"
test_public/051626.flac,"3448,2124,667,4586,3962"
test_public/005444.flac,"3208,1348,210,1427,2386"
test_public/095081.flac,"3363,2398,3707,2557,1580"
test_public/045055.flac,"1532,2245,2568,4442,3179"
test_public/112285.flac,"1087,1868,1040,1587,4484"
test_public/043070.flac,"4560,1420,3844,1198,442"
test_public/053434.flac,"3361,2772,313,4265,2412"
test_public/041362.flac,"99,1493,2760,4614,4083"
test_public/006277.flac,"1613,3462,4218,420,4748"
test_public/124915.flac,"3243,1320,936,2043,4299"
test_public/126941.flac,"676,2234,293,1804,3554"
test_public/060076.flac,"4046,99,3155,2866,1558"
test_public/005713.flac,"2586,724,3332,400,1307"
test_public/046567.flac,"1825,362,1578,607,4849"
test_public/069459.flac,"1582,1597,140,1750,2848"
test_public/045018.flac,"2689,3444,2246,3993,4310"
test_public/071148.flac,"2685,2796,102,1303,2379"
test_public/084446.flac,"4378,1402,1557,2686,4515"
test_public/086142.flac,"3332,400,3205,2441,4374"
test_public/042315.flac,"740,1583,454,460,996"
test_public/118285.flac,"4691,888,4455,3846,4838"
test_public/112306.flac,"1287,1904,1157,2343,4174"
test_public/121661.flac,"1168,1213,3623,909,3092"
test_public/123438.flac,"4612,1417,1463,4371,2811"
test_public/062421.flac,"3319,929,624,89,1090"
test_public/006371.flac,"1971,2254,2680,1691,4945"
test_public/101316.flac,"1490,4164,657,682,2792"
test_public/128450.flac,"2184,1032,1217,4234,189"
test_public/029628.flac,"4257,493,2222,4864,4361"
test_public/118641.flac,"145,456,459,373,4253"
test_public/089793.flac,"2930,1396,2945,3499,1760"
test_public/000633.flac,"140,3790,2147,1125,1646"
test_public/061398.flac,"3633,343,2154,54,1763"
test_public/088337.flac,"1208,2293,4167,1892,3745"
test_public/125309.flac,"3889,1316,4947,4159,3901"
test_public/023775.flac,"2280,3737,3475,4184,1755"
test_public/065564.flac,"4739,2703,53,3663,702"
test_public/029675.flac,"3315,2836,3607,907,1267"
test_public/023130.flac,"1400,2874,3994,2567,1195"
test_public/017932.flac,"937,3964,3588,3330,72"
test_public/022604.flac,"3652,1355,3848,4755,4345"
test_public/068978.flac,"2118,4565,2025,769,1591"
test_public/032311.flac,"3753,2694,4113,4380,2360"
test_public/088034.flac,"2519,3596,3113,4661,3417"
test_public/110482.flac,"286,4339,4481,2839,1613"
test_public/020550.flac,"1896,3921,2298,4218,1643"
test_public/096300.flac,"3050,4942,4936,1551,1317"
test_public/109630.flac,"4057,3366,4700,957,3040"
test_public/122883.flac,"3854,427,3896,2352,3452"
test_public/126980.flac,"4759,2371,1711,9,3201"
test_public/011495.flac,"2345,1222,2390,497,55"
test_public/052212.flac,"4482,217,4107,863,3855"
test_public/090549.flac,"647,1808,582,239,3583"
test_public/047483.flac,"351,4912,3169,3152,4556"
test_public/110141.flac,"4555,1467,3705,3274,1173"
test_public/051796.flac,"1334,2525,3892,2119,4329"
test_public/034049.flac,"2945,1379,2711,4384,4596"
test_public/112131.flac,"4783,1061,1319,1863,889"
test_public/079472.flac,"3625,2115,4859,140,1750"
test_public/114278.flac,"4482,2391,1895,2962,2494"
test_public/041628.flac,"4381,1511,855,2273,4059"
test_public/091042.flac,"2105,4594,3337,1527,4086"
test_public/117508.flac,"2572,2389,3512,3015,3736"
test_public/105261.flac,"754,4963,4634,4898,4043"
test_public/073932.flac,"2118,2425,3612,4902,4406"
test_public/028135.flac,"3529,4940,1248,542,454"
test_public/097644.flac,"3689,3095,1919,1756,3512"
test_public/092554.flac,"1737,3936,3588,4820,3330"
test_public/112145.flac,"4622,3490,770,4957,2845"
test_public/127116.flac,"1663,4879,3804,1823,460"
test_public/048498.flac,"1843,2119,3853,2014,1665"
test_public/126339.flac,"1582,2848,4958,210,191"
test_public/087542.flac,"736,1980,3262,4933,4833"
test_public/024206.flac,"2618,990,4039,364,3163"
test_public/017095.flac,"687,2667,2135,2708,2588"
test_public/004626.flac,"1026,2442,233,2659,4654"
test_public/027022.flac,"3830,3349,632,2104,4290"
test_public/040951.flac,"2403,1436,3552,4798,386"
test_public/062312.flac,"3386,4396,4429,3317,142"
test_public/034912.flac,"1102,1249,700,4260,4889"
test_public/063402.flac,"876,1942,3654,3316,3112"
test_public/029150.flac,"298,4468,717,1962,4744"
test_public/134301.flac,"468,2090,4022,3771,349"
test_public/107711.flac,"4126,3276,1300,3574,839"
test_public/133034.flac,"1821,3614,2903,4564,1788"
test_public/091095.flac,"1645,3618,4803,3346,327"
test_public/029021.flac,"3665,4291,3842,2025,3788"
test_public/014861.flac,"4104,3009,1657,111,1691"
test_public/018694.flac,"4627,4448,3572,1392,1132"
test_public/131050.flac,"382,1152,3153,1773,2330"
test_public/027118.flac,"4745,1265,2062,4991,3530"
test_public/133766.flac,"2269,4731,39,4118,3558"
test_public/094549.flac,"728,2131,3499,4277,719"
test_public/124312.flac,"3760,4109,3183,4241,3424"
test_public/127675.flac,"2495,2273,534,1421,4106"
test_public/023846.flac,"685,624,2656,3137,931"
test_public/115004.flac,"2991,3912,2844,1787,1260"
test_public/107330.flac,"2394,1379,3577,795,3935"
test_public/083160.flac,"4361,2852,3812,1675,2425"
test_public/003275.flac,"2613,1263,4969,3430,3759"
test_public/003829.flac,"18,21,1185,2982,4343"
test_public/114156.flac,"2890,2868,4154,2504,3443"
test_public/113782.flac,"1393,3387,3502,4173,4039"
test_public/061240.flac,"3625,4311,1744,2685,2307"
test_public/130803.flac,"3332,379,3460,148,3915"
test_public/005766.flac,"3139,3895,2414,2689,949"
test_public/042166.flac,"1793,527,2465,3578,2282"
test_public/116443.flac,"1531,3013,2845,109,128"
test_public/047395.flac,"4770,3218,1783,674,1273"
test_public/034246.flac,"2677,985,3428,2707,22"
test_public/082614.flac,"935,356,4033,3158,4748"
test_public/023724.flac,"4703,3797,2540,84,3056"
test_public/119661.flac,"1118,1552,1044,139,1081"
test_public/091369.flac,"4586,3448,3080,3332,2358"
test_public/109835.flac,"4844,3347,2334,4251,4579"
test_public/015023.flac,"2875,514,2299,4629,804"
test_public/003861.flac,"3898,2139,1427,552,4220"
test_public/044625.flac,"1531,3719,1480,904,4627"
test_public/096285.flac,"1065,3505,4646,29,4916"
test_public/105791.flac,"143,2264,902,3222,4252"
test_public/052487.flac,"703,1722,1272,3103,721"
test_public/041302.flac,"1913,944,1037,2503,4744"
test_public/124881.flac,"3225,1248,2164,2409,3529"
test_public/113665.flac,"4394,713,4910,4911,3498"
test_public/038597.flac,"3364,468,3771,1648,4724"
test_public/084229.flac,"4731,4913,91,1418,1297"
test_public/088715.flac,"282,3759,2496,4501,2156"
test_public/022106.flac,"3744,200,506,1496,3635"
test_public/078958.flac,"4054,4565,356,1857,2918"
test_public/040936.flac,"3394,3491,3155,4001,1711"
test_public/056377.flac,"2162,3285,3715,3445,10"
test_public/042660.flac,"2167,1738,3158,3576,2073"
test_public/104688.flac,"815,3570,1983,3965,4364"
test_public/106546.flac,"2352,3184,3854,427,2006"
test_public/039297.flac,"2997,4075,3925,3327,4257"
test_public/052861.flac,"2801,2517,879,1814,4429"
test_public/016166.flac,"935,356,4007,3576,3158"
test_public/109300.flac,"1065,4039,2618,3215,1927"
test_public/094884.flac,"3003,4218,3443,4662,865"
test_public/099759.flac,"3286,2494,489,1699,195"
test_public/087254.flac,"3474,1467,497,3148,1248"
test_public/024705.flac,"4200,745,1274,4865,3217"
test_public/122534.flac,"364,1203,2024,3102,3163"
test_public/059961.flac,"188,3796,4411,4633,4762"
test_public/105802.flac,"68,3272,4825,3098,3354"
test_public/002150.flac,"3894,1569,518,1052,4785"
test_public/045877.flac,"2464,4531,2031,378,2045"
test_public/072812.flac,"2416,1694,2738,3600,3393"
test_public/092413.flac,"4885,4863,1331,2182,3065"
test_public/089405.flac,"4847,3908,4644,3688,3150"
test_public/091517.flac,"2857,92,2546,1639,595"
test_public/018370.flac,"2633,2694,3753,3870,731"
test_public/027236.flac,"1574,2330,3679,1606,2799"
test_public/094694.flac,"1350,735,426,4291,3142"
test_public/126264.flac,"4551,2032,2371,3590,1114"
test_public/017119.flac,"3532,2376,4539,3811,1169"
test_public/073755.flac,"4178,613,1888,3189,39"
test_public/053738.flac,"2803,4565,4025,1857,1136"
test_public/003077.flac,"932,4161,3699,4138,3271"
test_public/049156.flac,"624,274,3992,4422,2656"
test_public/056101.flac,"3366,3944,4700,1079,1034"
test_public/078841.flac,"4684,3831,2542,192,4080"
test_public/102575.flac,"4381,1424,1798,2493,896"
test_public/005426.flac,"4627,562,2263,3719,4341"
test_public/003238.flac,"2125,4520,2149,4714,1784"
test_public/003748.flac,"3280,1849,3107,857,1831"
test_public/043791.flac,"2995,1856,2226,4598,3172"
test_public/008303.flac,"3647,1776,1616,2094,266"
test_public/018596.flac,"4091,3301,3317,1744,4835"
test_public/091955.flac,"4848,3259,4367,2004,2835"
test_public/103648.flac,"916,177,2390,1792,1359"
test_public/105057.flac,"3377,120,2364,3429,2024"
test_public/024450.flac,"1318,3088,4543,4953,2785"
test_public/106737.flac,"4565,1738,3864,1482,1994"
test_public/033362.flac,"630,594,121,1951,1133"
test_public/022054.flac,"2683,724,3205,2760,4841"
test_public/065761.flac,"2716,1898,241,3263,3740"
test_public/006114.flac,"3193,2579,4483,1962,298"
test_public/116967.flac,"2736,4031,2997,1933,1835"
test_public/103556.flac,"2953,2349,4507,523,2274"
test_public/075389.flac,"2148,1260,3770,391,2353"
test_public/042314.flac,"3719,3515,4816,3800,1670"
test_public/084810.flac,"2442,2709,4427,2014,4483"
test_public/073708.flac,"398,4087,3831,1586,4684"
test_public/124133.flac,"854,4315,1264,53,2774"
test_public/115035.flac,"2040,2346,2475,2568,2004"
test_public/049188.flac,"3692,1676,3502,3904,1493"
test_public/000088.flac,"4254,996,3353,3614,3153"
test_public/068340.flac,"2131,2277,4948,91,4914"
test_public/132177.flac,"4276,4850,3766,92,2481"
test_public/043632.flac,"4080,2652,74,1896,398"
test_public/121196.flac,"3240,4403,2982,1554,349"
test_public/097462.flac,"4758,1110,245,192,2535"
test_public/115319.flac,"1993,466,4647,4626,2124"
test_public/013257.flac,"3963,2847,1919,3249,4065"
test_public/049072.flac,"4969,756,4138,744,1171"
test_public/074232.flac,"555,4042,4240,3727,1193"
test_public/096515.flac,"1040,3308,2444,3467,530"
test_public/122535.flac,"3067,3503,3811,3050,4642"
test_public/048859.flac,"868,4916,784,3558,4047"
test_public/046640.flac,"1655,960,4998,2499,1229"
test_public/106825.flac,"2642,1624,4451,1773,4684"
test_public/002522.flac,"4294,3416,2891,1919,2869"
test_public/094453.flac,"1831,3280,3828,703,466"
test_public/053633.flac,"2829,4717,265,225,4981"
test_public/062895.flac,"3840,1331,858,656,54"
test_public/030068.flac,"4420,852,1946,1165,4413"
test_public/065429.flac,"3431,3984,2287,2597,1326"
test_public/061854.flac,"3327,1020,4630,3925,4257"
test_public/078731.flac,"2963,4715,2371,933,1307"
test_public/001386.flac,"609,4714,2582,217,3602"
test_public/064701.flac,"4789,963,3826,3248,1550"
test_public/093522.flac,"2249,224,1266,1497,3760"
test_public/002408.flac,"1492,4898,4320,2386,2060"
test_public/039801.flac,"1442,1032,1535,2544,1578"
test_public/064389.flac,"931,841,1101,4209,1555"
test_public/078489.flac,"3148,3939,3025,1839,145"
test_public/052191.flac,"591,1291,494,4143,1907"
test_public/118200.flac,"2951,3577,468,140,4214"
test_public/035783.flac,"2227,1767,192,3888,2948"
test_public/101194.flac,"142,1116,1230,2244,4729"
test_public/022872.flac,"781,992,3189,3220,2285"
test_public/071181.flac,"298,1235,3978,717,3213"
test_public/051361.flac,"826,4662,2398,3202,1740"
test_public/074104.flac,"3110,2406,2790,442,2002"
test_public/093504.flac,"3425,1203,2914,1065,120"
test_public/113168.flac,"4602,247,1610,4589,2317"
test_public/075992.flac,"3452,1121,1487,1267,3372"
test_public/076350.flac,"2905,3241,2663,4720,3446"
test_public/101380.flac,"2984,2476,2114,3387,2171"
test_public/082779.flac,"2425,3612,3176,3961,2010"
test_public/069129.flac,"3896,824,1069,2311,3742"
test_public/055527.flac,"1572,631,3939,1889,4603"
test_public/066621.flac,"4706,4897,2242,2654,4381"
test_public/085899.flac,"2069,3533,1918,327,4902"
test_public/058042.flac,"1667,4289,2061,4789,4218"
test_public/023961.flac,"1269,4178,4267,3202,2040"
test_public/107147.flac,"4996,1587,2893,4947,1178"
test_public/103296.flac,"1036,3091,1011,494,2529"
test_public/113442.flac,"3148,3606,1183,4278,1248"
test_public/004002.flac,"3060,1453,1326,3825,3019"
test_public/100622.flac,"3271,1200,2324,585,2798"
test_public/125518.flac,"2510,4733,3404,2208,1790"
test_public/085193.flac,"1657,28,960,4064,790"
test_public/104967.flac,"4309,3827,4897,2304,2517"
test_public/104323.flac,"2302,1705,4411,4841,1493"
test_public/016304.flac,"4064,2212,4675,4840,838"
test_public/062584.flac,"4680,2394,4894,2234,4994"
test_public/043818.flac,"1888,2353,4907,391,320"
test_public/064577.flac,"1529,1506,4442,3071,3285"
test_public/083477.flac,"4410,1735,603,2431,1240"
test_public/019195.flac,"1603,4454,1661,1925,3159"
test_public/028421.flac,"3771,4759,4680,3197,3907"
test_public/133591.flac,"1016,4319,1617,3915,3512"
test_public/036461.flac,"2103,1424,4059,4715,1966"
test_public/009121.flac,"83,2904,2869,3424,2563"
test_public/066518.flac,"4892,2791,3516,221,2706"
test_public/014399.flac,"2868,2890,3998,2504,3007"
test_public/043238.flac,"494,4194,1730,4746,4353"
test_public/102110.flac,"2037,487,2055,3374,1700"
test_public/051545.flac,"1729,121,2134,3536,3888"
test_public/081459.flac,"2240,3524,3695,1945,4325"
test_public/101788.flac,"2992,782,4662,3456,1316"
test_public/082845.flac,"8,506,200,4838,3635"
test_public/045013.flac,"3131,301,2011,932,3275"
test_public/016962.flac,"1640,1978,2923,2617,4689"
test_public/095577.flac,"3288,2080,47,2099,1059"
test_public/102649.flac,"2934,3923,657,3000,4071"
test_public/030739.flac,"3136,4174,4981,3373,487"
test_public/006686.flac,"2231,4658,1938,1047,2569"
test_public/104391.flac,"1208,2293,2230,3930,2576"
test_public/122249.flac,"1380,2652,320,19,1223"
test_public/023814.flac,"2754,2037,4156,1778,2360"
test_public/110209.flac,"3635,1230,3701,4358,4241"
test_public/034116.flac,"2596,272,2315,3673,120"
test_public/097394.flac,"3077,3778,4364,2298,1643"
test_public/102417.flac,"1047,4281,100,3002,4208"
test_public/131417.flac,"2409,2343,1287,2570,4165"
test_public/114493.flac,"1966,3749,4825,3371,2585"
test_public/112460.flac,"884,1720,227,888,4455"
test_public/059854.flac,"1075,1060,1393,4971,2703"
test_public/012401.flac,"4053,394,4133,4612,1453"
test_public/058587.flac,"4205,4903,3510,2992,1921"
test_public/129330.flac,"4338,4713,1570,3254,3714"
test_public/128805.flac,"42,387,968,4723,2101"
test_public/124264.flac,"4520,1147,1983,4684,3113"
test_public/066958.flac,"1342,3763,1664,127,4662"
test_public/075686.flac,"2347,1603,2262,1493,2956"
test_public/109924.flac,"4227,356,1444,4025,3198"
test_public/067809.flac,"1497,4308,1806,4504,1974"
test_public/058979.flac,"1670,2380,2425,2955,3408"
test_public/088530.flac,"1106,2084,2749,3516,1507"
test_public/082324.flac,"4435,154,1491,1246,2385"
test_public/093187.flac,"3667,2084,4336,2743,869"
test_public/085060.flac,"4087,1020,4451,898,1835"
test_public/083297.flac,"2879,4351,330,1760,771"
test_public/029871.flac,"124,3540,3140,2761,4926"
test_public/044868.flac,"4155,4456,1620,965,4837"
test_public/042802.flac,"304,1173,3884,2542,3569"
test_public/108098.flac,"3621,503,3154,3295,4690"
test_public/078638.flac,"2360,1778,2022,2408,2178"
test_public/095219.flac,"3172,4291,2571,4063,2552"
test_public/084598.flac,"3237,4513,2773,4848,2776"
test_public/110129.flac,"4038,3217,4930,2200,745"
test_public/099099.flac,"544,2242,554,2487,4184"
test_public/030288.flac,"2634,2263,3275,3632,3585"
test_public/102112.flac,"1938,4855,2879,771,2231"
test_public/003086.flac,"12,3603,2932,846,2366"
test_public/020075.flac,"4179,320,1921,2652,3049"
test_public/094496.flac,"4890,4043,2045,4897,1676"
test_public/058583.flac,"2794,1497,1737,4916,3558"
test_public/011705.flac,"4281,1203,4173,3163,4039"
test_public/009012.flac,"4112,841,2656,1555,2938"
test_public/012069.flac,"367,951,1788,540,435"
test_public/033462.flac,"1074,2916,1307,3095,4319"
test_public/009976.flac,"1713,9,2168,1529,2546"
test_public/022717.flac,"580,2144,2183,2459,578"
test_public/099249.flac,"2115,4732,4444,3746,1913"
test_public/020022.flac,"1465,839,3213,4034,3351"
test_public/108903.flac,"1858,4515,2527,4378,728"
test_public/056369.flac,"2642,1054,2323,4684,497"
test_public/061146.flac,"1885,1378,1896,3801,1613"
test_public/088508.flac,"3001,3622,1581,2911,109"
test_public/059333.flac,"4906,3277,4757,2796,2431"
test_public/094827.flac,"1983,3220,2128,3702,4591"
test_public/129059.flac,"979,1525,4527,2738,3891"
test_public/031150.flac,"2522,4731,2700,4776,19"
test_public/080136.flac,"191,3968,4318,952,2354"
test_public/070069.flac,"3384,84,3607,3613,4008"
test_public/078202.flac,"2071,971,1974,413,3008"
test_public/089148.flac,"356,4185,4025,2766,4902"
test_public/071194.flac,"572,877,2978,2353,2995"
test_public/085533.flac,"1669,230,385,3292,3025"
test_public/055880.flac,"4591,935,4932,770,3013"
test_public/047895.flac,"772,3679,1606,4036,1101"
test_public/082678.flac,"1318,525,3879,4105,3716"
test_public/006337.flac,"1023,281,4333,2945,3522"
test_public/104787.flac,"1612,3258,3803,3383,1461"
test_public/094466.flac,"2286,673,4513,1757,1625"
test_public/041750.flac,"3613,3078,2470,3301,3141"
test_public/104046.flac,"4059,1689,4416,1725,920"
test_public/045852.flac,"2903,2940,1281,1821,3023"
test_public/111212.flac,"2405,888,698,489,38"
test_public/041545.flac,"4371,2246,4144,3912,755"
test_public/089937.flac,"65,8,3461,3793,1348"
test_public/000236.flac,"231,1218,218,4502,3608"
test_public/032333.flac,"1185,2559,2560,4343,1216"
test_public/006605.flac,"139,2709,4987,1125,2099"
test_public/068838.flac,"1635,2674,2125,1529,74"
test_public/055365.flac,"4764,1701,1601,4871,4182"
test_public/043575.flac,"4340,1527,2988,1416,3313"
test_public/013362.flac,"4588,3421,3087,4811,2904"
test_public/025021.flac,"2865,2686,3760,2145,2825"
test_public/057264.flac,"2452,4777,3068,35,3892"
test_public/038146.flac,"1691,2557,4921,319,1191"
test_public/028706.flac,"2713,4016,2264,1733,902"
test_public/039404.flac,"3850,145,373,4470,2160"
test_public/006244.flac,"4084,2055,55,1700,487"
test_public/091615.flac,"1703,106,1198,4849,1134"
test_public/005331.flac,"1053,4258,728,1737,4207"
test_public/094902.flac,"2258,4361,3812,2425,3612"
test_public/130243.flac,"180,3075,210,1053,268"
test_public/130449.flac,"2809,220,306,3553,4957"
test_public/115686.flac,"4583,1395,756,3462,4360"
test_public/055866.flac,"4762,4306,3151,324,3329"
test_public/134170.flac,"1553,1248,4534,3962,1839"
test_public/106520.flac,"2619,4459,3695,2403,1677"
test_public/108884.flac,"3806,927,838,4578,1780"
test_public/091562.flac,"4281,968,2725,312,386"
test_public/119877.flac,"280,2790,6,380,4396"
test_public/034220.flac,"4230,709,4669,407,3202"
test_public/032848.flac,"1327,2206,176,2780,1599"
test_public/039907.flac,"4462,2147,4410,800,1430"
test_public/115412.flac,"2857,975,3227,1240,2709"
test_public/010473.flac,"918,557,2375,2893,3956"
test_public/055463.flac,"1816,418,1377,2993,1753"
test_public/048366.flac,"1120,3751,4650,1226,1081"
test_public/018261.flac,"1658,3463,2502,652,1602"
test_public/069659.flac,"1347,3851,3293,2725,986"
test_public/020634.flac,"4086,1073,3766,2481,1567"
test_public/043574.flac,"2201,2195,432,2659,2474"
test_public/077661.flac,"3606,4684,3153,4136,3529"
test_public/095756.flac,"2408,2227,3274,3474,1510"
test_public/066486.flac,"2683,99,1491,1246,3205"
test_public/131491.flac,"312,4208,4173,4265,1295"
test_public/116139.flac,"3205,724,2760,3307,1840"
test_public/100531.flac,"3092,55,125,4534,328"
test_public/082145.flac,"2614,3390,2241,804,3338"
test_public/005239.flac,"4450,1977,542,3148,4210"
test_public/085195.flac,"4723,1881,4640,1538,2431"
test_public/022887.flac,"2542,1956,328,4743,4940"
test_public/071474.flac,"2993,2233,1753,2716,333"
test_public/022740.flac,"4481,3638,3427,3801,3446"
test_public/083325.flac,"1229,2104,3349,2556,376"
test_public/015036.flac,"2571,1051,816,1623,3576"
test_public/039206.flac,"639,4113,1732,2907,2375"
test_public/046939.flac,"4873,4761,4650,3135,1032"
test_public/059859.flac,"4099,2891,792,1181,3587"
test_public/001258.flac,"2003,4246,4925,856,1072"
test_public/035785.flac,"1124,3080,2115,3698,1706"
test_public/018723.flac,"4596,3970,1120,2211,52"
test_public/084355.flac,"763,4483,3512,2403,4410"
test_public/037250.flac,"306,1530,3906,1320,3028"
test_public/105014.flac,"519,578,2967,1982,2122"
test_public/037210.flac,"2596,2778,1858,4298,3765"
test_public/007200.flac,"1586,2227,1767,192,4116"
test_public/036334.flac,"543,4812,4978,1350,3693"
test_public/059132.flac,"3344,2417,35,2708,229"
test_public/002692.flac,"227,2479,4752,4589,3635"
test_public/128712.flac,"4261,3218,4762,466,4040"
test_public/056434.flac,"3577,1379,642,2394,4731"
test_public/061237.flac,"2117,2385,1454,4829,3602"
test_public/051913.flac,"4682,2864,3676,4939,4141"
test_public/056265.flac,"4566,4409,1551,751,1905"
test_public/110265.flac,"4410,2307,140,3746,1430"
test_public/025556.flac,"3802,579,3007,695,2558"
test_public/059056.flac,"3022,2584,215,4680,1003"
test_public/118836.flac,"91,613,637,4332,3398"
test_public/111253.flac,"53,4815,4729,2262,4429"
test_public/089365.flac,"1555,935,841,816,2104"
test_public/055289.flac,"3088,1811,3568,2705,4137"
test_public/072603.flac,"1619,74,1981,3507,1297"
test_public/029930.flac,"2673,1930,592,724,4576"
test_public/003216.flac,"4110,3587,2060,1262,2386"
test_public/021107.flac,"1266,2249,3455,3051,1518"
test_public/095089.flac,"976,4326,1706,622,180"
test_public/059952.flac,"990,642,4413,3227,1735"
test_public/023037.flac,"3379,2660,3185,3940,2884"
test_public/024069.flac,"1693,4762,2050,295,1775"
test_public/053193.flac,"937,976,1706,3698,72"
test_public/033883.flac,"3823,3591,3978,4276,834"
test_public/074299.flac,"2579,3746,2115,3625,4744"
test_public/103843.flac,"983,2908,809,2525,1125"
test_public/005024.flac,"2619,1347,79,983,1597"
test_public/131954.flac,"3127,1286,287,1128,3921"
test_public/050659.flac,"2700,4731,1418,4776,1804"
test_public/126384.flac,"2945,4596,1023,4233,120"
test_public/045241.flac,"1707,672,4256,4908,3281"
test_public/131702.flac,"2188,821,3180,1774,2357"
test_public/094931.flac,"1673,2345,2390,4375,4105"
test_public/099208.flac,"4591,2995,166,733,543"
test_public/093911.flac,"989,4180,4414,4771,847"
test_public/060123.flac,"404,4481,3363,60,4837"
test_public/024169.flac,"4687,4247,3313,1416,3773"
test_public/010366.flac,"1637,4858,2009,4922,1310"
test_public/090042.flac,"3330,1112,355,1852,4515"
test_public/099933.flac,"2559,3491,3230,3155,3997"
test_public/088823.flac,"1740,841,2083,3490,948"
test_public/114604.flac,"1355,3848,2691,2671,4563"
test_public/106728.flac,"931,4681,3869,2409,245"
test_public/068909.flac,"3446,3638,1544,3113,4289"
test_public/070791.flac,"3209,4934,3448,4280,277"
test_public/115589.flac,"3238,1623,4028,4533,3638"
test_public/070139.flac,"3777,2680,3117,4945,2399"
test_public/026114.flac,"4192,1938,3861,2569,4590"
test_public/077022.flac,"1646,1750,3810,763,975"
test_public/031000.flac,"1730,1484,2833,2900,1714"
test_public/131517.flac,"1283,950,1682,4552,4127"
test_public/001965.flac,"2456,1431,1343,599,1811"
test_public/108670.flac,"3940,4636,319,3113,4251"
test_public/007134.flac,"1088,2576,1305,1169,4771"
test_public/097313.flac,"4878,2674,1230,3744,2915"
test_public/032832.flac,"1227,3730,2429,2751,4324"
test_public/071541.flac,"2303,2798,3557,561,2477"
test_public/104672.flac,"3327,493,4257,3812,2852"
test_public/066065.flac,"1413,792,2802,223,1224"
test_public/090982.flac,"922,4898,2039,3963,3030"
test_public/027052.flac,"3077,4029,4685,1856,4251"
test_public/011542.flac,"2356,3054,3488,363,141"
test_public/101290.flac,"4239,2405,4455,888,2317"
test_public/015592.flac,"2524,4475,3455,4066,4447"
test_public/052092.flac,"4064,1190,2063,2895,1319"
test_public/113208.flac,"2162,3746,4311,4000,292"
test_public/117866.flac,"394,1616,3992,4056,3319"
test_public/118761.flac,"755,3697,2058,3920,816"
test_public/011491.flac,"468,4955,522,1059,983"
test_public/103010.flac,"2924,1624,1878,4080,218"
test_public/087155.flac,"2780,3915,1114,1165,108"
test_public/009023.flac,"153,4484,3195,1560,2172"
test_public/032934.flac,"4561,106,523,4241,3441"
test_public/026688.flac,"783,1521,3054,1169,1025"
test_public/129022.flac,"2686,1605,1888,2131,4936"
test_public/015685.flac,"241,4950,2957,2999,415"
test_public/025213.flac,"996,1638,4534,2015,2515"
test_public/120822.flac,"1511,4059,1424,855,2103"
test_public/129663.flac,"2228,3824,3579,3386,1963"
test_public/092089.flac,"1764,849,3868,3839,3329"
test_public/121318.flac,"1541,2033,4955,4916,2458"
test_public/093488.flac,"4948,3979,1806,814,4784"
test_public/059225.flac,"4131,4922,1039,2069,2312"
test_public/069748.flac,"17,1878,2177,304,4451"
test_public/053718.flac,"1759,2921,565,3334,3450"
test_public/013453.flac,"4414,1547,3768,4239,3744"
test_public/128576.flac,"4421,3965,3026,4622,4221"
test_public/095969.flac,"1031,3915,1617,2586,724"
test_public/121411.flac,"2526,2567,865,2657,4054"
test_public/128687.flac,"2782,485,1968,2950,4937"
test_public/049103.flac,"713,4020,4910,3825,1553"
test_public/029604.flac,"1566,4241,794,4845,1142"
test_public/131880.flac,"2528,4429,3975,3391,3615"
test_public/125990.flac,"1954,1239,251,1338,4498"
test_public/053227.flac,"1856,1660,3647,4064,1776"
test_public/106085.flac,"3142,1776,4571,290,2212"
test_public/027090.flac,"3427,1336,1555,2104,323"
test_public/077313.flac,"822,1242,1161,1136,3816"
test_public/079518.flac,"1756,1915,3913,4703,1503"
test_public/103505.flac,"1930,2683,920,3240,1554"
test_public/047358.flac,"4850,4378,4068,2249,129"
test_public/113061.flac,"3637,35,2643,4424,4460"
test_public/128758.flac,"4415,404,1444,1675,761"
test_public/116205.flac,"3691,2066,1301,2346,1551"
test_public/105222.flac,"3025,2605,594,4037,3831"
test_public/058595.flac,"4566,1551,751,4310,4942"
test_public/042741.flac,"1750,2307,4462,140,4147"
test_public/038752.flac,"4841,2853,4918,4142,3904"
test_public/125585.flac,"3449,2806,2663,516,755"
test_public/035510.flac,"3227,990,2857,1946,2819"
test_public/043042.flac,"4637,3477,2989,1991,4389"
test_public/066780.flac,"1926,4406,2229,2046,740"
test_public/070341.flac,"2517,920,2864,2371,1648"
test_public/032476.flac,"3888,3608,1213,4242,528"
test_public/122806.flac,"4947,930,1040,156,2518"
test_public/074274.flac,"1055,2128,3295,4182,2799"
test_public/108624.flac,"1520,99,852,2683,4103"
test_public/050857.flac,"4957,801,770,4230,2602"
test_public/010365.flac,"1453,1723,931,4056,3992"
test_public/065424.flac,"3741,1417,1463,543,2420"
test_public/023239.flac,"410,2643,574,4405,4509"
test_public/091996.flac,"550,4113,2370,363,4283"
test_public/118650.flac,"2482,4528,2200,2753,4930"
test_public/073738.flac,"2709,4483,4655,4410,4462"
test_public/052196.flac,"2708,3344,2506,3215,532"
test_public/012133.flac,"4549,4,2836,4396,4315"
test_public/023770.flac,"4506,2852,1444,3286,3948"
test_public/061672.flac,"3046,2310,4189,2385,1459"
test_public/015507.flac,"3742,4770,4325,1258,587"
test_public/022882.flac,"2894,1413,1542,2127,292"
test_public/006218.flac,"2809,1066,3649,2926,4014"
test_public/108413.flac,"154,1491,194,2385,2582"
test_public/070831.flac,"3680,1820,3758,2588,4494"
test_public/130772.flac,"1806,4894,672,728,1497"
test_public/044778.flac,"3846,4917,2511,1238,2405"
test_public/111775.flac,"3892,2986,3068,1334,2525"
test_public/034188.flac,"2277,2403,890,334,2979"
test_public/058105.flac,"2391,797,3693,2998,511"
test_public/111178.flac,"92,4596,2568,2670,2618"
test_public/101515.flac,"1928,3262,4583,1978,3812"
test_public/054518.flac,"4214,4819,313,641,3688"
test_public/043550.flac,"4758,2535,4534,1788,1243"
test_public/096596.flac,"2547,4142,4909,4148,2953"
test_public/116414.flac,"3455,4367,4827,203,205"
test_public/010443.flac,"3323,3985,1650,4627,4632"
test_public/079860.flac,"661,3586,2580,2931,4038"
test_public/100711.flac,"4285,222,3148,1977,1839"
test_public/087421.flac,"2676,1878,1672,2051,4080"
test_public/016596.flac,"2310,2328,335,102,3797"
test_public/062404.flac,"444,1551,4566,1301,1392"
test_public/085766.flac,"390,1925,2697,786,1840"
test_public/132552.flac,"65,888,2405,8,1720"
test_public/111049.flac,"2742,2425,507,2955,3580"
test_public/110349.flac,"2789,11,1925,616,4781"
test_public/047477.flac,"3834,4360,2486,2009,998"
test_public/070930.flac,"4440,2277,46,334,4263"
test_public/035331.flac,"2590,944,35,2452,2921"
test_public/101461.flac,"4986,4866,2888,2653,4633"
test_public/045258.flac,"800,4410,2431,2147,4269"
test_public/123805.flac,"3417,2220,2516,282,4789"
test_public/125687.flac,"4028,4943,3693,4291,4228"
test_public/035671.flac,"2838,3882,996,3154,177"
test_public/051063.flac,"4715,1424,933,896,4106"
test_public/121291.flac,"4617,888,489,2511,4602"
test_public/055742.flac,"1962,298,717,3978,2119"
test_public/122297.flac,"1511,424,4396,2801,3496"
test_public/000219.flac,"4803,373,3850,2160,4253"
test_public/046103.flac,"1022,196,2648,2299,2783"
test_public/003035.flac,"4847,1635,2078,2432,3507"
test_public/118906.flac,"1040,1178,2856,869,4134"
test_public/043288.flac,"2750,3468,2251,1861,2067"
test_public/116475.flac,"2249,1518,510,4367,4039"
test_public/093411.flac,"4028,3053,459,1885,4976"
test_public/012587.flac,"1480,2380,904,4360,1766"
test_public/082828.flac,"1861,2303,844,2639,1135"
test_public/056996.flac,"2760,792,2045,652,3837"
test_public/117757.flac,"2053,2869,1411,4099,3416"
test_public/050333.flac,"3801,404,4289,761,4339"
test_public/084904.flac,"3948,2674,195,2803,4878"
test_public/099128.flac,"2307,4410,2709,140,4859"
test_public/019477.flac,"2172,4947,4556,1087,1340"
test_public/077291.flac,"1699,227,1720,2479,247"
test_public/118477.flac,"1166,942,2644,4591,2009"
test_public/104701.flac,"4326,1353,2685,1750,1124"
test_public/047126.flac,"2238,2864,3590,2136,2464"
test_public/005864.flac,"8,65,4838,3701,2317"
test_public/095479.flac,"4534,1839,3474,4037,4136"
test_public/107626.flac,"4892,1155,680,3466,4911"
test_public/095212.flac,"3772,461,664,1306,111"
test_public/114069.flac,"2183,79,3548,3861,578"
test_public/027538.flac,"2588,1545,687,229,2725"
test_public/070281.flac,"1438,2161,3521,3940,3759"
test_public/129977.flac,"868,2438,3685,1702,1707"
test_public/014220.flac,"3562,4283,440,4599,2651"
test_public/050740.flac,"141,2241,2042,4704,1239"
test_public/055424.flac,"4342,180,1976,4256,14"
test_public/011713.flac,"575,2994,2926,1551,2715"
test_public/082338.flac,"347,1664,942,2994,4688"
test_public/087227.flac,"3304,3399,2222,4242,4191"
test_public/077656.flac,"1547,285,3420,1660,2086"
test_public/059662.flac,"1511,3317,4699,4593,2493"
test_public/103731.flac,"1655,3493,4998,4451,4191"
test_public/106996.flac,"4430,1444,2073,3186,3642"
test_public/052303.flac,"2891,2274,4083,307,1689"
test_public/133040.flac,"3490,643,877,2602,111"
test_public/053954.flac,"4918,2507,1432,3440,4411"
test_public/092101.flac,"4593,587,716,1925,3159"
test_public/092375.flac,"4833,4677,4773,1466,3260"
test_public/119550.flac,"2512,1696,4592,792,4729"
test_public/108035.flac,"2286,1678,4235,1381,1198"
test_public/022463.flac,"2104,1736,1229,2873,3427"
test_public/124723.flac,"4216,4086,4342,92,3359"
test_public/047855.flac,"1824,4738,4033,1739,1691"
test_public/099206.flac,"3793,1496,1566,8,4843"
test_public/115894.flac,"2683,479,4890,515,4842"
test_public/106963.flac,"1387,2568,2398,2122,2821"
test_public/046665.flac,"4182,4061,1380,2727,4591"
test_public/067110.flac,"1710,2979,160,2403,2013"
test_public/007306.flac,"1018,2856,3665,931,3243"
test_public/054465.flac,"1812,421,3095,1264,2002"
test_public/053153.flac,"1059,1526,10,763,368"
test_public/059164.flac,"3156,3279,4872,4851,4059"
test_public/072903.flac,"703,1503,1288,3592,2117"
test_public/046117.flac,"2192,3614,4780,55,4564"
test_public/002288.flac,"2482,4426,2200,4930,2753"
test_public/018927.flac,"2062,3530,3081,4705,3684"
test_public/130267.flac,"3765,379,1300,1023,2245"
test_public/058208.flac,"4890,4842,2464,378,4043"
test_public/048402.flac,"52,50,205,4615,3220"
test_public/131370.flac,"4747,347,3446,2644,1306"
test_public/000427.flac,"2633,996,3474,3526,1839"
test_public/004762.flac,"825,3710,883,1145,931"
test_public/012772.flac,"3895,4963,4433,1265,764"
test_public/062699.flac,"102,2966,3561,364,72"
test_public/009535.flac,"2677,348,3344,3715,2417"
test_public/044582.flac,"3532,2376,1793,3463,4130"
test_public/029688.flac,"1122,3344,229,2965,3163"
test_public/088427.flac,"3985,1132,1929,2169,819"
test_public/068971.flac,"3335,4304,2667,1289,299"
test_public/029855.flac,"3714,3127,3498,1553,1640"
test_public/048091.flac,"1833,866,1404,1181,1676"
test_public/014219.flac,"1938,3511,1023,2840,4192"
test_public/064068.flac,"2410,2370,4966,49,3292"
test_public/051385.flac,"3188,608,3785,3226,4581"
test_public/080274.flac,"2892,656,4793,2255,1952"
test_public/078651.flac,"2836,4429,142,4593,1264"
test_public/019514.flac,"559,3675,3205,3827,2242"
test_public/042323.flac,"4051,2032,1114,3090,3590"
test_public/091276.flac,"770,4945,2680,3642,4748"
test_public/002003.flac,"4106,2034,4715,389,933"
test_public/102946.flac,"4977,3569,3759,3654,4503"
test_public/008384.flac,"1467,3951,435,2535,4803"
test_public/018799.flac,"4484,4947,2172,1340,2893"
test_public/102869.flac,"117,3995,1717,1171,3640"
test_public/129459.flac,"1353,2685,2592,364,1042"
test_public/023211.flac,"4759,4051,3687,1209,3460"
test_public/133565.flac,"2349,3307,2032,3902,922"
test_public/059339.flac,"3441,3029,2512,4376,2096"
test_public/105395.flac,"3816,1,1425,1152,3783"
test_public/023442.flac,"2427,701,3557,4345,818"
test_public/040441.flac,"3614,497,4084,3606,3526"
test_public/001907.flac,"4070,1136,935,4054,1738"
test_public/032011.flac,"4409,1551,4310,751,1809"
test_public/131490.flac,"2715,1971,314,3469,1249"
test_public/007629.flac,"1194,1806,3548,3024,4186"
test_public/105341.flac,"3163,46,334,2725,4882"
test_public/002682.flac,"2083,4922,4862,4844,4765"
test_public/103498.flac,"158,4628,1022,2212,1395"
test_public/015550.flac,"2838,3392,3705,73,710"
test_public/043866.flac,"783,2602,2455,875,2275"
test_public/125374.flac,"2005,4764,1068,4871,4246"
test_public/106979.flac,"3204,4084,4064,3992,3850"
test_public/056752.flac,"3552,18,2982,1911,3663"
test_public/032392.flac,"2686,1483,1605,379,4936"
test_public/006922.flac,"1156,1051,3697,1877,1463"
test_public/053236.flac,"847,4737,4011,4899,1466"
test_public/000056.flac,"254,1107,1099,464,179"
test_public/059247.flac,"1738,1885,1614,740,584"
test_public/107891.flac,"92,4039,364,3722,3173"
test_public/061497.flac,"4260,3778,1898,2477,319"
test_public/071045.flac,"3817,1675,3275,3838,2194"
test_public/040713.flac,"4593,2702,1138,2000,3343"
test_public/034237.flac,"2338,3061,2127,4915,854"
test_public/028304.flac,"1293,2037,4254,2055,1700"
test_public/004323.flac,"4248,3689,3736,1582,3799"
test_public/114018.flac,"2479,4305,227,4752,3701"
test_public/131519.flac,"970,1760,4333,3593,4351"
test_public/101810.flac,"929,2644,4907,1306,1039"
test_public/126629.flac,"2372,4512,3389,2262,4184"
test_public/054809.flac,"142,4549,4585,4510,1138"
test_public/086590.flac,"3958,2105,3337,4276,1894"
test_public/001094.flac,"1051,356,769,1824,4291"
test_public/030534.flac,"2945,4333,1023,4297,2024"
test_public/030712.flac,"355,3707,1363,3400,4579"
test_public/048007.flac,"3423,3772,543,3693,4337"
test_public/050049.flac,"3562,3721,3658,3221,3171"
test_public/009984.flac,"136,3385,1933,3231,4075"
test_public/123083.flac,"1285,2028,508,121,1970"
test_public/118002.flac,"2674,3744,2803,284,4878"
test_public/021975.flac,"1811,624,4899,2466,1322"
test_public/109088.flac,"3173,4731,171,139,2101"
test_public/124749.flac,"1020,4910,1373,4084,1315"
test_public/038009.flac,"4341,3556,1310,471,4131"
test_public/032741.flac,"3042,966,1839,2694,1956"
test_public/083903.flac,"1223,4776,4332,3935,3189"
test_public/030244.flac,"935,356,2918,4902,2644"
test_public/022043.flac,"3615,1042,4308,2701,1105"
test_public/095199.flac,"4925,525,1079,4867,871"
test_public/033796.flac,"1417,929,3920,109,683"
test_public/093791.flac,"2349,922,485,2355,1661"
test_public/121708.flac,"3904,2760,920,739,2853"
test_public/035766.flac,"510,679,4569,1520,2205"
test_public/016697.flac,"744,1742,241,1592,604"
test_public/013154.flac,"2494,3348,4602,489,398"
test_public/102244.flac,"3376,1875,3822,3503,3699"
test_public/122160.flac,"3423,1569,3772,4598,4063"
test_public/042981.flac,"770,4957,929,4622,4591"
test_public/125010.flac,"2995,899,2691,1741,1380"
test_public/012682.flac,"4957,875,3965,889,770"
test_public/076531.flac,"2853,3904,53,2683,99"
test_public/107393.flac,"4286,2359,3388,190,4775"
test_public/013327.flac,"1320,936,1536,2719,4874"
test_public/064966.flac,"4647,1993,4090,1008,498"
test_public/134497.flac,"3985,4858,3572,4060,562"
test_public/049286.flac,"4064,3878,128,1170,2599"
test_public/080513.flac,"3727,4734,116,1151,4660"
test_public/011109.flac,"462,1621,3612,2082,4635"
test_public/027325.flac,"4890,1725,652,2464,4043"
test_public/123813.flac,"3546,2439,2719,938,712"
test_public/043916.flac,"2863,1617,400,3915,3110"
test_public/070522.flac,"4838,53,1042,2149,2674"
test_public/026477.flac,"3612,2082,1816,4630,1984"
test_public/121714.flac,"1609,848,4290,4356,2556"
test_public/075555.flac,"4414,3477,965,1698,2430"
test_public/096649.flac,"2370,1634,3812,1167,459"
test_public/065755.flac,"2752,4463,202,2092,1808"
test_public/002641.flac,"3799,850,1881,4181,42"
test_public/133681.flac,"2366,146,3190,621,3083"
test_public/127939.flac,"2981,4957,1811,3976,4622"
test_public/040913.flac,"2739,3409,1853,4713,4470"
test_public/069892.flac,"2101,3552,4687,387,3798"
test_public/090958.flac,"72,1750,1639,4352,1927"
test_public/080644.flac,"2115,1750,4859,1056,1007"
test_public/016252.flac,"1993,4626,466,2124,4090"
test_public/089000.flac,"3841,1038,4947,3707,4134"
test_public/034973.flac,"372,3191,3706,3081,375"
test_public/024734.flac,"1003,2966,1120,3008,1297"
test_public/039422.flac,"4953,3399,4611,525,4925"
test_public/130066.flac,"3243,1921,4054,740,566"
test_public/110447.flac,"1023,1955,2618,313,4876"
test_public/070444.flac,"3972,1026,991,2412,20"
test_public/067650.flac,"641,1597,1998,4757,2537"
test_public/126292.flac,"2989,3612,1017,4635,1835"
test_public/123660.flac,"2805,2005,1161,4877,4716"
test_public/122736.flac,"4333,4166,1571,4171,2741"
test_public/065809.flac,"3108,2523,4762,3590,2032"
test_public/050201.flac,"4534,1409,2633,575,4629"
test_public/037019.flac,"3940,1594,3113,1453,841"
test_public/075293.flac,"3456,144,4159,2398,3202"
test_public/097947.flac,"774,2398,1087,1316,3717"
test_public/014480.flac,"679,2053,3058,3123,596"
test_public/017517.flac,"376,2106,3349,4688,2104"
test_public/108703.flac,"1114,3101,4890,710,2136"
test_public/131542.flac,"47,4730,750,92,2729"
test_public/050379.flac,"4686,3501,1366,4549,2757"
test_public/026510.flac,"3819,2399,383,659,3940"
test_public/029863.flac,"709,1555,407,931,4056"
test_public/103766.flac,"2490,1061,4591,2964,650"
test_public/074408.flac,"1981,2374,3115,1529,4145"
test_public/102688.flac,"2298,494,1586,1830,4037"
test_public/018410.flac,"3030,3832,3037,37,3056"
test_public/028670.flac,"1907,1463,3264,4840,911"
test_public/063026.flac,"3615,3844,496,4315,3769"
test_public/059321.flac,"2781,2533,761,3248,1615"
test_public/123899.flac,"2432,3146,2683,2036,1871"
test_public/061927.flac,"2202,2947,799,4710,4912"
test_public/024356.flac,"3577,2394,468,3594,1049"
test_public/073370.flac,"4932,4316,4942,1555,1090"
test_public/066883.flac,"378,4309,3479,4939,509"
test_public/103080.flac,"3239,4407,1959,1373,2546"
test_public/068190.flac,"192,55,4278,497,4743"
test_public/074219.flac,"2516,889,2964,1061,1791"
test_public/117329.flac,"1366,3501,4668,3211,3030"
test_public/030243.flac,"4644,2013,1037,1436,387"
test_public/012606.flac,"1897,2994,347,4501,323"
test_public/064874.flac,"2155,4162,3699,253,1095"
test_public/014983.flac,"2896,2515,255,3621,4196"
test_public/060876.flac,"4589,2317,4305,2405,1720"
test_public/093517.flac,"254,1107,69,814,4580"
test_public/072431.flac,"1160,2595,1651,175,1395"
test_public/066011.flac,"4783,107,3954,1386,790"
test_public/011302.flac,"1630,4070,28,3571,3284"
test_public/062571.flac,"2537,2115,4655,1706,4311"
test_public/059358.flac,"2203,1494,2051,1563,1904"
test_public/113101.flac,"411,1405,2398,1856,4748"
test_public/075914.flac,"2088,4504,1566,4593,3027"
test_public/097652.flac,"1034,1173,4080,4780,2693"
test_public/024884.flac,"2538,511,632,4364,2995"
test_public/025076.flac,"3067,1672,245,1547,1736"
test_public/022656.flac,"3797,4008,1367,666,2441"
test_public/109167.flac,"2281,2241,4498,1809,257"
test_public/006367.flac,"4529,3315,3827,3934,4937"
test_public/005174.flac,"4130,1308,4539,3532,1370"
test_public/090784.flac,"3242,4684,4023,726,4084"
test_public/122392.flac,"1963,240,2501,1705,1421"
test_public/108055.flac,"1626,2211,281,1804,2710"
test_public/118009.flac,"2947,930,2202,799,3456"
test_public/134414.flac,"2134,4067,4157,1767,3882"
test_public/051812.flac,"1577,3270,917,3608,3543"
test_public/013872.flac,"1570,618,2663,4180,1008"
test_public/022314.flac,"4107,3602,2149,195,600"
test_public/044966.flac,"2371,2963,3201,3155,4106"
test_public/067705.flac,"1173,4195,4743,3149,1543"
test_public/055938.flac,"2829,4101,265,1904,3374"
test_public/053152.flac,"2982,18,652,3837,4088"
test_public/089973.flac,"4269,4462,4270,412,2800"
test_public/004243.flac,"3241,287,1471,2663,3006"
test_public/024797.flac,"3754,1183,4113,3148,3120"
test_public/036487.flac,"601,4906,3798,4269,152"
test_public/046872.flac,"386,1125,1911,4798,809"
test_public/001853.flac,"1062,3689,2329,2720,151"
test_public/128816.flac,"3404,1618,602,2510,2749"
test_public/066755.flac,"4276,512,1107,1707,163"
test_public/094680.flac,"4282,4391,2880,4280,215"
test_public/113345.flac,"432,3911,651,3249,880"
test_public/076354.flac,"3317,2836,142,2262,1833"
test_public/088785.flac,"546,4872,1003,4667,2327"
test_public/074714.flac,"4332,4022,641,3022,1120"
test_public/052405.flac,"2115,1007,1913,4214,3746"
test_public/028339.flac,"1790,765,2368,4139,4710"
test_public/131018.flac,"4779,3727,2858,1132,2821"
test_public/086167.flac,"3889,3339,4443,3543,3083"
test_public/126831.flac,"522,1408,1081,2378,3008"
test_public/092243.flac,"1516,124,3402,4579,1457"
test_public/025171.flac,"643,1739,2630,2602,816"
test_public/111326.flac,"3746,4311,1597,2115,2307"
test_public/116124.flac,"1315,1402,3200,210,4894"
test_public/119350.flac,"2259,2073,1378,4533,3638"
test_public/081772.flac,"1430,3258,3974,4798,2848"
test_public/076929.flac,"4684,3891,4136,1543,781"
test_public/015777.flac,"1706,102,4328,2592,94"
test_public/109654.flac,"3634,3987,1265,2070,2861"
test_public/030926.flac,"560,433,2357,4155,2298"
test_public/111931.flac,"4533,2644,347,1061,770"
test_public/001286.flac,"404,4007,3363,1691,1170"
test_public/035042.flac,"4940,4058,2230,1467,3488"
test_public/036995.flac,"3011,3348,4107,3855,500"
test_public/033203.flac,"563,3610,4386,3503,3469"
test_public/115134.flac,"4305,2479,227,4589,3635"
test_public/065787.flac,"4524,1059,10,3978,1408"
test_public/090158.flac,"1302,3310,542,3470,3251"
test_public/133764.flac,"4858,911,3597,1310,1637"
test_public/046977.flac,"4899,2906,1340,1304,4870"
test_public/068766.flac,"2147,2857,4655,1597,1998"
test_public/087224.flac,"4445,2460,4534,55,3225"
test_public/085882.flac,"3915,1003,4051,1209,3946"
test_public/043879.flac,"2430,1260,483,4883,1730"
test_public/069512.flac,"4873,4293,3135,1989,268"
test_public/133419.flac,"1661,4325,2302,1775,295"
test_public/064101.flac,"1315,4974,713,210,2386"
test_public/119332.flac,"1441,4871,4246,3612,4630"
test_public/092613.flac,"3248,1691,266,4862,4789"
test_public/118676.flac,"2943,271,2220,3804,1191"
test_public/096390.flac,"3311,1061,2964,3490,2831"
test_public/076857.flac,"3100,2175,4914,4624,4640"
test_public/006215.flac,"1595,60,3995,3248,4765"
test_public/012551.flac,"4432,4005,1693,4325,4175"
test_public/058890.flac,"287,3477,2620,2400,1136"
test_public/132074.flac,"4940,1248,328,1173,2542"
test_public/099094.flac,"4586,9,1236,4452,999"
test_public/031785.flac,"1695,3099,1518,35,68"
test_public/065250.flac,"2735,1946,2857,74,4904"
test_public/131200.flac,"3577,2522,1888,4332,237"
test_public/087339.flac,"2452,3418,1393,3213,944"
test_public/049906.flac,"2371,2517,2206,2032,1391"
test_public/078811.flac,"2188,4335,1986,207,2821"
test_public/069397.flac,"55,2192,3614,4527,497"
test_public/081921.flac,"536,3742,1086,3675,961"
test_public/091710.flac,"3724,4842,4206,255,4391"
test_public/095129.flac,"4694,3954,107,1386,790"
test_public/054935.flac,"2364,1483,3269,2277,2686"
test_public/123528.flac,"4042,4995,3894,1052,1623"
test_public/032441.flac,"2045,4043,3205,3165,4531"
test_public/132502.flac,"879,2547,3406,2282,4839"
test_public/006958.flac,"2405,4691,247,4239,888"
test_public/054509.flac,"3801,3248,761,3083,2220"
test_public/049096.flac,"2348,1993,978,1068,3097"
test_public/091266.flac,"4328,2579,2709,1221,4147"
test_public/091197.flac,"58,3524,3401,3979,1985"
test_public/118119.flac,"2026,4884,2255,3203,760"
test_public/000796.flac,"320,2957,415,1345,4818"
test_public/013997.flac,"2435,2655,3339,3493,4279"
test_public/101734.flac,"4928,2970,2590,3964,4873"
test_public/027364.flac,"739,3502,1493,3692,4083"
test_public/075153.flac,"690,3552,387,3798,968"
test_public/021266.flac,"401,146,101,3662,4622"
test_public/052307.flac,"1294,3657,2745,21,2848"
test_public/107851.flac,"2554,188,2745,1915,4150"
test_public/077606.flac,"3552,1125,4462,4655,1930"
test_public/109759.flac,"4470,895,373,4743,4877"
test_public/112601.flac,"387,2101,233,2013,2166"
test_public/134457.flac,"3556,1570,459,1113,1525"
test_public/108606.flac,"1780,2007,251,3920,1782"
test_public/104053.flac,"2948,2207,3045,528,4657"
test_public/011974.flac,"1224,3166,4531,1327,2045"
test_public/042083.flac,"1960,2821,3376,3125,2761"
test_public/097967.flac,"882,384,3322,2996,4360"
test_public/066944.flac,"1374,4640,190,914,1044"
test_public/069669.flac,"543,1463,2469,3693,1417"
test_public/059246.flac,"2636,4392,207,1019,1531"
test_public/082423.flac,"250,1979,2120,146,4943"
test_public/016764.flac,"4315,2780,2701,544,4937"
test_public/009474.flac,"1322,4172,2837,326,1928"
test_public/031498.flac,"49,2989,514,4821,3125"
test_public/060889.flac,"3003,3702,2995,320,3596"
test_public/057321.flac,"4444,2902,3577,313,522"
test_public/082440.flac,"3964,1737,4442,3330,4730"
test_public/067119.flac,"2713,1225,289,111,3576"
test_public/107619.flac,"1566,65,698,1610,4691"
test_public/078364.flac,"2178,304,4058,4684,759"
test_public/042073.flac,"3702,4962,633,1528,1653"
test_public/012849.flac,"510,4326,4027,2585,2162"
test_public/104983.flac,"2870,2198,2126,1472,3461"
test_public/001596.flac,"749,3505,4039,115,2013"
test_public/092291.flac,"3754,3251,3221,1364,4069"
test_public/026551.flac,"3798,4798,2819,3602,3027"
test_public/058094.flac,"3183,4409,2149,258,2125"
test_public/118195.flac,"2000,879,3207,4787,2332"
test_public/125072.flac,"308,409,4637,1615,965"
test_public/082709.flac,"3848,3817,1312,1613,2069"
test_public/034622.flac,"3008,413,2308,1297,293"
test_public/054036.flac,"4848,1204,1825,2359,2835"
test_public/066915.flac,"4791,4728,3887,4328,3143"
test_public/026970.flac,"3812,2118,1457,4339,3585"
test_public/088345.flac,"65,2405,4455,8,2317"
test_public/131628.flac,"4787,131,4881,3737,849"
test_public/100654.flac,"1824,2944,4675,3571,838"
test_public/010831.flac,"4072,99,2683,2853,792"
test_public/003923.flac,"1424,4531,4890,2780,1114"
test_public/056028.flac,"4517,2734,3074,3037,2002"
test_public/096757.flac,"1742,319,4011,4899,4870"
test_public/015757.flac,"3181,3602,600,194,1142"
test_public/005189.flac,"770,4501,1664,4620,323"
test_public/132663.flac,"4472,4046,3150,4882,412"
test_public/134243.flac,"4835,4066,3103,3097,703"
test_public/115491.flac,"434,607,3555,1461,4258"
test_public/094661.flac,"4086,4404,3766,3695,112"
test_public/045821.flac,"1233,1708,1028,672,4525"
test_public/118644.flac,"2514,1596,2486,894,3055"
test_public/017121.flac,"1239,2473,513,1588,63"
test_public/041866.flac,"3152,2453,1762,360,2095"
test_public/003071.flac,"4961,2131,3199,2686,4203"
test_public/104969.flac,"1230,4241,1348,1459,3424"
test_public/062364.flac,"1952,2301,2718,1057,4960"
test_public/063279.flac,"1637,4341,4627,3619,4755"
test_public/049439.flac,"4410,3810,4483,2115,2579"
test_public/061652.flac,"2964,582,2807,3874,4789"
test_public/079403.flac,"3569,898,4977,1660,2785"
test_public/111632.flac,"4765,2657,1519,2422,761"
test_public/058690.flac,"3065,4045,2182,1331,4885"
test_public/051633.flac,"2769,3925,3471,265,3053"
test_public/082436.flac,"3124,3217,2398,3739,2083"
test_public/055770.flac,"4986,4461,4633,3767,2888"
test_public/059654.flac,"4925,4611,470,630,121"
test_public/047493.flac,"4136,3847,3148,4803,2542"
test_public/071117.flac,"2422,2366,1061,582,4862"
test_public/003772.flac,"819,633,4962,3702,756"
test_public/036083.flac,"822,4764,4401,1831,1991"
test_public/054590.flac,"1003,4730,1120,3022,1917"
test_public/029700.flac,"4293,4761,3135,1032,4650"
test_public/090693.flac,"1320,732,3028,4625,2439"
test_public/033702.flac,"2046,1995,1500,722,2634"
test_public/077520.flac,"1023,281,3511,375,1646"
test_public/096671.flac,"759,373,2542,4803,1248"
test_public/093054.flac,"1720,888,65,3744,2674"
test_public/050115.flac,"3738,2911,3876,3622,518"
test_public/021879.flac,"822,949,9,3280,730"
test_public/072021.flac,"131,849,2048,4839,2302"
test_public/101807.flac,"322,3688,1393,1059,1037"
test_public/095831.flac,"2824,276,821,59,1316"
test_public/050321.flac,"2818,4793,3036,4997,2255"
test_public/056692.flac,"4045,3065,1331,4863,2182"
test_public/046848.flac,"936,448,3243,3115,306"
test_public/015485.flac,"2624,18,2982,1185,3460"
test_public/077322.flac,"3266,3888,4601,3882,1237"
test_public/033973.flac,"1259,356,1395,3629,935"
test_public/031391.flac,"4531,4842,652,4631,1327"
test_public/037518.flac,"1716,2178,3562,3312,3536"
test_public/009324.flac,"4153,4491,1364,3870,417"
test_public/017645.flac,"1927,975,1060,3227,1436"
test_public/102775.flac,"4144,4273,210,4437,4258"
test_public/014791.flac,"3503,3949,3743,3442,4869"
test_public/081438.flac,"1852,2043,168,1057,564"
test_public/112410.flac,"215,2441,2242,3205,3915"
test_public/127678.flac,"3052,4241,2405,194,4838"
test_public/041733.flac,"1742,4844,2906,1572,4579"
test_public/078410.flac,"2494,3286,1610,489,698"
test_public/037537.flac,"26,2710,1321,2914,906"
test_public/095599.flac,"356,4976,769,1630,4609"
test_public/080114.flac,"3510,2992,448,3202,3601"
test_public/031818.flac,"3805,1946,3974,569,3150"
test_public/083546.flac,"1699,1311,500,3744,698"
test_public/082474.flac,"3744,3084,3602,1922,1610"
test_public/127475.flac,"109,4591,566,2044,1769"
test_public/130918.flac,"629,4334,3898,2540,1506"
test_public/091353.flac,"4374,2780,3692,3460,4083"
test_public/131377.flac,"2072,4394,4566,1809,713"
test_public/118903.flac,"919,713,2706,4394,2989"
test_public/023872.flac,"3169,3950,2202,4679,799"
test_public/128987.flac,"4022,4834,313,776,1297"
test_public/103016.flac,"1538,3974,4640,2431,843"
test_public/030137.flac,"3256,2502,4586,1236,792"
test_public/060125.flac,"1081,2033,3893,4384,4731"
test_public/047914.flac,"1238,4438,753,2511,418"
test_public/092012.flac,"4509,2507,3440,1705,4411"
test_public/134237.flac,"1257,3339,3433,3493,1171"
test_public/091734.flac,"1850,3712,1289,1737,179"
test_public/005532.flac,"306,1691,3826,1885,4251"
test_public/094311.flac,"2169,3442,889,4341,2069"
test_public/060663.flac,"2025,3054,1223,3874,2220"
test_public/051504.flac,"538,1766,1260,339,3408"
test_public/031788.flac,"4611,4867,1072,3917,525"
test_public/131201.flac,"1325,524,1192,282,3652"
test_public/049613.flac,"1380,1614,4131,1139,2636"
test_public/092966.flac,"3964,2314,764,104,3588"
test_public/121116.flac,"1060,1468,4530,763,1353"
test_public/021447.flac,"2200,4528,2482,4426,2753"
test_public/012739.flac,"1188,494,3965,2626,2129"
test_public/101613.flac,"89,1090,4681,4957,935"
test_public/072987.flac,"3331,1596,3841,3553,1537"
test_public/047412.flac,"3209,401,4348,277,4047"
test_public/016302.flac,"1223,1922,2149,1000,2111"
test_public/034187.flac,"4378,1605,1362,4577,2689"
test_public/126623.flac,"2782,215,1307,53,3095"
test_public/055908.flac,"3881,1698,3270,2067,1690"
test_public/083341.flac,"2103,2950,4682,1424,1327"
test_public/118838.flac,"328,542,4772,1467,3962"
test_public/099217.flac,"2189,1069,824,587,3343"
test_public/022799.flac,"549,1317,36,935,1090"
test_public/122566.flac,"1610,4024,2337,200,506"
test_public/035744.flac,"2226,1569,1361,4029,917"
test_public/017498.flac,"2680,4552,870,555,3922"
test_public/057365.flac,"3122,2467,4849,22,3713"
test_public/002826.flac,"2172,4484,4556,1087,782"
test_public/009744.flac,"887,4385,4914,3005,3641"
test_public/054199.flac,"364,1056,641,3561,102"
test_public/066452.flac,"4379,241,2999,2957,4899"
test_public/012430.flac,"1650,4675,4571,2212,4399"
test_public/111060.flac,"1892,1302,3860,686,1510"
test_public/033151.flac,"4651,4069,2535,808,1942"
test_public/127243.flac,"3435,3813,3452,1250,2493"
test_public/097171.flac,"2537,4655,4384,959,2796"
test_public/125742.flac,"2780,1114,2209,2103,3827"
test_public/109259.flac,"4622,770,4620,2602,4591"
test_public/039914.flac,"3968,3084,4358,4878,65"
test_public/083110.flac,"2639,2798,2067,844,1698"
test_public/128646.flac,"2327,1666,1548,3722,3970"
test_public/016565.flac,"3534,1879,4876,375,1927"
test_public/045955.flac,"633,1528,1761,4824,3702"
test_public/091662.flac,"779,2894,3769,949,2127"
test_public/098444.flac,"285,2120,2628,217,1070"
test_public/111514.flac,"4638,3402,876,4895,4169"
test_public/015670.flac,"4546,3292,1732,3783,4283"
test_public/083901.flac,"702,1015,1430,292,4558"
test_public/007516.flac,"726,2284,3699,3646,3304"
test_public/073456.flac,"4092,4933,3331,266,4132"
test_public/077631.flac,"1341,573,1588,1349,1572"
test_public/096407.flac,"3227,3173,3163,47,1075"
test_public/064409.flac,"1621,1490,3292,1634,3198"
test_public/089079.flac,"3275,80,3662,683,323"
test_public/087347.flac,"2803,1223,4054,976,3181"
test_public/005887.flac,"172,3688,1059,642,1334"
test_public/001356.flac,"4902,4565,2160,3303,2229"
test_public/102289.flac,"1909,2542,3521,1672,192"
test_public/009687.flac,"4303,305,4783,2895,3278"
test_public/122056.flac,"750,4909,3491,1162,855"
test_public/078146.flac,"2813,2285,3529,3571,4380"
test_public/014917.flac,"3136,4165,1287,1904,2343"
test_public/073317.flac,"3854,2352,3184,2135,427"
test_public/061866.flac,"2284,3263,2970,4095,614"
test_public/053169.flac,"1776,851,4516,2923,1846"
test_public/097948.flac,"1998,1007,1750,4646,140"
test_public/122808.flac,"4461,4866,4633,3780,2653"
test_public/017285.flac,"2709,2099,975,4410,3552"
test_public/024288.flac,"3372,2861,4991,3729,2585"
test_public/039539.flac,"2197,533,28,3841,1782"
test_public/108511.flac,"3393,756,2658,3271,3417"
test_public/055104.flac,"1265,451,779,2253,534"
test_public/096602.flac,"695,1131,4312,3443,428"
test_public/104841.flac,"2180,3362,2058,3568,2241"
test_public/081202.flac,"2234,1806,1605,2844,1974"
test_public/073252.flac,"683,2859,2567,391,19"
test_public/004201.flac,"4134,2245,1269,3202,1723"
test_public/123371.flac,"4045,2182,2026,2255,4884"
test_public/111808.flac,"1655,4087,4481,415,2959"
test_public/096889.flac,"1307,2127,1016,3769,999"
